시설명,시설코드,시설종류명(시설유형),시설종류상세명(시설종류),자치구(시)구분,시군구코드,시군구명,시설주소,전화번호,우편번호
서울꽃동네신내노인요양원,A0001,(노인복지시설) 노인요양시설,노인의료복지시설,자치구,1126000000,중랑구,서울특별시 중랑구 신내로 194 (신내동),,
청운노인요양원,A0003,(노인복지시설) 노인요양시설,노인의료복지시설,자치구,1111000000,종로구,서울특별시 종로구 비봉길 76 (구기동),,
천사노인요양원,A0007,(노인복지시설) 노인요양시설,노인의료복지시설,자치구,1150000000,강서구,서울특별시 강서구 강서로45다길 30-22 (화곡동),,
서울특별시립 남부노인전문요양원,A0016,(노인복지시설) 노인요양시설,노인의료복지시설,자치구,1156000000,영등포구,경기도 군포시 고산로 589 (산본동),,
노인요양센터 인영실버,A0099,(노인복지시설) 노인요양시설,노인의료복지시설,자치구,1154500000,금천구,"서울특별시 금천구 금하로 596 (시흥동, 인영실버빌딩)",,
동명노인복지쎈타,A0100,(노인복지시설) 노인요양시설,노인의료복지시설,자치구,1162000000,관악구,서울특별시 관악구 봉천로23라길 15 (봉천동),,
영기노인요양원,A0131,(노인복지시설) 노인요양시설,노인의료복지시설,자치구,1135000000,노원구,서울특별시 노원구 동일로248길 30 (상계동),,
은천노인요양센터,A0343,(노인복지시설) 노인요양시설,노인의료복지시설,자치구,1123000000,동대문구,서울특별시 동대문구 장한로27가길 66 (장안동),,
동작실버센터,A0347,(노인복지시설) 노인요양시설,노인의료복지시설,자치구,1159000000,동작구,서울특별시 동작구 노량진로32길 53 (본동),,
구립서초노인요양센터,A0368,(노인복지시설) 노인요양시설,노인의료복지시설,자치구,1165000000,서초구,서울특별시 서초구 남부순환로340길 21 (서초동),,
광림노인전문요양원,A0400,(노인복지시설) 노인요양시설,노인의료복지시설,자치구,1168000000,강남구,강원도 춘천시 서면 경춘로 771-79,,
청운노인복지센터,A0607,(노인복지시설) 노인요양시설,노인의료복지시설,자치구,1159000000,동작구,서울특별시 동작구 국사봉1길 145 (상도동),,
두엄자리,A0765,(노인복지시설) 노인요양시설,노인의료복지시설,자치구,1147000000,양천구,서울특별시 양천구 목동중앙남로16다길 6-13 (목동),,
시립중계노인전문요양원,A0974,(노인복지시설) 노인요양시설,노인의료복지시설,자치구,1135000000,노원구,"서울특별시 노원구 섬밭로 313 (중계동, 시립중계노인전문요양원)",,
시립서부노인전문요양센터,A1025,(노인복지시설) 노인요양시설,노인의료복지시설,자치구,1144000000,마포구,서울특별시 마포구 월드컵로36길 15 (성산동),,
중앙소규모요양시설(나 형),A1302,(노인복지시설) 노인요양시설,노인의료복지시설,자치구,1141000000,서대문구,서울특별시 서대문구 서소문로 43-49 (합동),,
중앙노인요양공동생활가정,A1303,(노인복지시설) 노인요양공동생활가정,노인의료복지시설,자치구,1141000000,서대문구,서울특별시 서대문구 서소문로 43-49 (합동),,
남부실버요양원,A1307,(노인복지시설) 노인요양시설,노인의료복지시설,자치구,1154500000,금천구,서울특별시 금천구 범안로12가길 59 (독산동),,
순애노인전문요양원,A1310,(노인복지시설) 노인요양시설,노인의료복지시설,자치구,1129000000,성북구,경기도 고양시 덕양구 고골길178번길 73 (관산동),,
동명노인요양공동생활가정,A1487,(노인복지시설) 노인요양공동생활가정,노인의료복지시설,자치구,1162000000,관악구,서울특별시 관악구 봉천로23라길 13-1 (봉천동),,
한사랑실버케어요양원,A1515,(노인복지시설) 노인요양시설,노인의료복지시설,자치구,1123000000,동대문구,서울특별시 동대문구 장한로28길 56 (장안동),,
구립하계실버센터,A1703,(노인복지시설) 노인요양시설,노인의료복지시설,자치구,1135000000,노원구,서울특별시 노원구 한글비석로 4 (하계동),,
정성요양원,A1704,(노인복지시설) 노인요양공동생활가정,노인의료복지시설,자치구,1159000000,동작구,서울특별시 동작구 보라매로 89 (신대방동),,
효림노인요양센터,A1723,(노인복지시설) 노인요양시설,노인의료복지시설,자치구,1141000000,서대문구,서울특별시 서대문구 경기대로9길 62 (충정로3가),,
호선실버센터,A1926,(노인복지시설) 노인요양시설,노인의료복지시설,자치구,1150000000,강서구,서울특별시 강서구 수명로2길 96 (내발산동),,
강북노인전문요양원,A1945,(노인복지시설) 노인요양시설,노인의료복지시설,자치구,1130500000,강북구,서울특별시 강북구 삼양로92길 20 (수유동),,
유자원,A2007,(노인복지시설) 노인요양시설,노인의료복지시설,자치구,1123000000,동대문구,서울특별시 동대문구 망우로 82 (휘경동),,
시립동부노인전문요양센터,A2112,(노인복지시설) 노인요양시설,노인의료복지시설,자치구,1120000000,성동구,서울특별시 성동구 마장로23길 12 (홍익동),,
정원실버케어센터,A2159,(노인복지시설) 노인요양시설,노인의료복지시설,자치구,1138000000,은평구,경기도 파주시 광탄면 장지산로200번길 32-83,,
청암노인요양원,A2214,(노인복지시설) 노인요양시설,노인의료복지시설,자치구,1171000000,송파구,서울특별시 송파구 성내천로 193 (마천동),,
정원노인요양원,A2215,(노인복지시설) 노인요양시설,노인의료복지시설,자치구,1138000000,은평구,경기도 파주시 광탄면 장지산로200번길 32-83,,
일광노인요양센터,A2412,(노인복지시설) 노인요양시설,노인의료복지시설,자치구,1129000000,성북구,서울특별시 성북구 보문로31길 70 (삼선동3가),,
청남노인요양공동생활가정,A2538,(노인복지시설) 노인요양공동생활가정,노인의료복지시설,자치구,1159000000,동작구,서울특별시 동작구 강남초등8길 20 (상도1동),,
자유의 집,A2546,(노인복지시설) 노인요양시설,노인의료복지시설,자치구,1138000000,은평구,서울특별시 은평구 역말로4길 15 (역촌동),,
은천요양원,A2895,(노인복지시설) 노인요양시설,노인의료복지시설,자치구,1123000000,동대문구,서울특별시 동대문구 장한로27가길 298 번지 21 호,,
사랑이있는집노인요양공동생활가정,A2912,(노인복지시설) 노인요양공동생활가정,노인의료복지시설,자치구,1121500000,광진구,서울특별시 광진구 용마산로8마길 7-10 (중곡동),,
도르가복지선교회,A2928,(노인복지시설) 노인요양공동생활가정,노인의료복지시설,자치구,1111000000,종로구,"서울특별시 종로구 홍지문길 84, B01호 (구기동)",,
구립용산노인전문요양원,A2944,(노인복지시설) 노인요양시설,노인의료복지시설,자치구,1117000000,용산구,서울특별시 용산구 효창원로93길 51 (효창동),,
구립영등포노인케어센터,A3121,(노인복지시설) 노인요양시설,노인의료복지시설,자치구,1156000000,영등포구,서울특별시 영등포구 도림로 482 (문래동3가),,
남부실버요양센터 다솔관,A3370,(노인복지시설) 노인요양시설,노인의료복지시설,자치구,1154500000,금천구,서울특별시 금천구 범안로12가길 59 (독산동),,
아름다운실버홈,A3469,(노인복지시설) 노인요양공동생활가정,노인의료복지시설,자치구,1111000000,종로구,서울특별시 종로구 평창길 123 (평창동),,
성암장수마을,A3710,(노인복지시설) 노인요양시설,노인의료복지시설,자치구,1174000000,강동구,서울특별시 강동구 구천면로68길 46 (천호동),,
서울성모원 노인요양공동생활가정,A4555,(노인복지시설) 노인요양공동생활가정,노인의료복지시설,자치구,1156000000,영등포구,서울특별시 영등포구 대림로12가길 7-1 (대림동),,
효노인복지센터,A4585,(노인복지시설) 노인요양공동생활가정,노인의료복지시설,자치구,1130500000,강북구,서울특별시 강북구 오현로 194 (번동),,
연희실버홈,A4586,(노인복지시설) 노인요양시설,노인의료복지시설,자치구,1141000000,서대문구,서울특별시 서대문구 증가로2안길 6 (연희동),,
시니어스 너싱홈,A4602,(노인복지시설) 노인요양시설,노인의료복지시설,자치구,1150000000,강서구,서울특별시 강서구 화곡로68길 102 (등촌동),,
한마음노인전문요양원,A4615,(노인복지시설) 노인요양시설,노인의료복지시설,자치구,1150000000,강서구,서울특별시 강서구 초록마을로14길 44 (화곡동),,
붓다마을,A4746,(노인복지시설) 노인요양시설,노인의료복지시설,자치구,1138000000,은평구,서울특별시 은평구 연서로48길 41 (진관동),,
중앙실버노인요양공동생활가정,A4750,(노인복지시설) 노인요양공동생활가정,노인의료복지시설,자치구,1141000000,서대문구,서울특별시 서대문구 충정로4길 5-25 (충정로3가),,
구립 역삼노인요양센터,A4918,(노인복지시설) 노인요양시설,노인의료복지시설,자치구,1168000000,강남구,서울특별시 강남구 도곡로27길 27 (역삼동),,
신목동 노인복지센터,A4937,(노인복지시설) 노인요양공동생활가정,노인의료복지시설,자치구,1147000000,양천구,"서울특별시 양천구 중앙로 294, 7층 (신정동)",,
로뎀노인요양공동생활가정,A4962,(노인복지시설) 노인요양공동생활가정,노인의료복지시설,자치구,1126000000,중랑구,서울특별시 중랑구 동일로169길 40 (묵동),,
진각노인요양센터,A4976,(노인복지시설) 노인요양시설,노인의료복지시설,자치구,1129000000,성북구,서울특별시 성북구 화랑로13길 17 (하월곡동),,
시온노인요양원,A4997,(노인복지시설) 노인요양공동생활가정,노인의료복지시설,자치구,1138000000,은평구,"서울특별시 은평구 갈현로 270, 4층동 (갈현동,4층)",,
구립양천어르신요양센터,A5050,(노인복지시설) 노인요양시설,노인의료복지시설,자치구,1147000000,양천구,서울특별시 양천구 신월로 26 (신정동),,
해피안,A5098,(노인복지시설) 노인요양시설,노인의료복지시설,자치구,1138000000,은평구,서울특별시 은평구 연서로15길 27-2 (구산동),,
애린실버Ⅰ,A5207,(노인복지시설) 노인요양공동생활가정,노인의료복지시설,자치구,1147000000,양천구,"서울특별시 양천구 목동중앙남로3길 42 (목동,1층)",,
애린실버Ⅱ,A5208,(노인복지시설) 노인요양공동생활가정,노인의료복지시설,자치구,1147000000,양천구,"서울특별시 양천구 목동중앙남로3길 42 (목동,2층)",,
도봉실버센터,A5266,(노인복지시설) 노인요양시설,노인의료복지시설,자치구,1132000000,도봉구,서울특별시 도봉구 시루봉로 133 (방학동),,
굿모닝케어노인전문요양원,A5477,(노인복지시설) 노인요양시설,노인의료복지시설,자치구,1171000000,송파구,서울특별시 송파구 성내천로16길 17 (오금동),,
므두셀라실버타운,A5485,(노인복지시설) 노인요양시설,노인의료복지시설,자치구,1121500000,광진구,서울특별시 광진구 능동로 360 (중곡동),,
한세노인복지센터,A5579,(노인복지시설) 노인요양시설,노인의료복지시설,자치구,1126000000,중랑구,서울특별시 중랑구 신내로 50-5 (신내동),,
연궁너싱홈,A5673,(노인복지시설) 노인요양공동생활가정,노인의료복지시설,자치구,1141000000,서대문구,"서울특별시 서대문구 증가로 49 (연희동,2층)",,
녹번실버,A6014,(노인복지시설) 노인요양시설,노인의료복지시설,자치구,1138000000,은평구,서울특별시 은평구 통일로57길 5-10 (녹번동),,
온누리요양원,A6139,(노인복지시설) 노인요양공동생활가정,노인의료복지시설,자치구,1150000000,강서구,"서울특별시 강서구 강서로5나길 74 (화곡동,3층)",,
구립송파노인요양센터,A6153,(노인복지시설) 노인요양시설,노인의료복지시설,자치구,1171000000,송파구,서울특별시 송파구 충민로 ,,
다사랑요양원,A6176,(노인복지시설) 노인요양공동생활가정,노인의료복지시설,자치구,1129000000,성북구,"서울특별시 성북구 오패산로10길 30 (하월곡동,영광프라자 3층(303-2,304-2))",,
한솔요양원,A6181,(노인복지시설) 노인요양공동생활가정,노인의료복지시설,자치구,1129000000,성북구,"서울특별시 성북구 오패산로10길 30 (하월곡동,영광프라자 3층 303-1호)",,
미성요양원,A6233,(노인복지시설) 노인요양시설,노인의료복지시설,자치구,1162000000,관악구,서울특별시 관악구 난곡로63가길 42 (신림동),,
베스트그린요양원2호점,A6257,(노인복지시설) 노인요양공동생활가정,노인의료복지시설,자치구,1126000000,중랑구,"서울특별시 중랑구 동일로 775 (중화동,그린프라자6층)",,
아름다운뜰안에 요양원,A6344,(노인복지시설) 노인요양시설,노인의료복지시설,자치구,1111000000,종로구,서울특별시 종로구 평창21길 70 (평창동),,
구립대치노인요양센터,A6499,(노인복지시설) 노인요양공동생활가정,노인의료복지시설,자치구,1168000000,강남구,서울특별시 강남구 역삼로69길 22 (대치동),,
법화노인요양원,A6634,(노인복지시설) 노인요양시설,노인의료복지시설,자치구,1162000000,관악구,서울특별시 관악구 법원단지길 153 (신림동),,
세검정실버홈,A6756,(노인복지시설) 노인요양시설,노인의료복지시설,자치구,1111000000,종로구,서울특별시 종로구 평창2길 5 (평창동),,
늘편한요양센터2호,A7017,(노인복지시설) 노인요양공동생활가정,노인의료복지시설,자치구,1174000000,강동구,"서울특별시 강동구 구천면로 318, 2층 (천호동)",,
거목실버홈,A7091,(노인복지시설) 노인요양공동생활가정,노인의료복지시설,자치구,1130500000,강북구,"서울특별시 강북구 한천로 1160, 3층 (수유동)",,
북부성모요양원,A7092,(노인복지시설) 노인요양공동생활가정,노인의료복지시설,자치구,1130500000,강북구,"서울특별시 강북구 한천로 1152, 3층 (수유동)",,
금천구립사랑채요양원,A7132,(노인복지시설) 노인요양시설,노인의료복지시설,자치구,1154500000,금천구,서울특별시 금천구 금하로 764 (시흥동),,
노블케어스,A7187,(노인복지시설) 노인요양시설,노인의료복지시설,자치구,1138000000,은평구,서울특별시 은평구 응암로 353 (녹번동),,
수노인요양공동생활가정2호점,A7188,(노인복지시설) 노인요양공동생활가정,노인의료복지시설,자치구,1132000000,도봉구,"서울특별시 도봉구 도당로 80, 5층 (방학동, 월송빌딩)",,
선화요양원,A7202,(노인복지시설) 노인요양시설,노인의료복지시설,자치구,1150000000,강서구,"서울특별시 강서구 등촌로 183, 3층 (등촌동)",,
두레노인요양원C,A7205,(노인복지시설) 노인요양공동생활가정,노인의료복지시설,자치구,1126000000,중랑구,"서울특별시 중랑구 신내로 45, 5층 (신내동, 해성빌딩)",,
중앙실버노인요양공동생활가정,A7275,(노인복지시설) 노인요양공동생활가정,노인의료복지시설,자치구,1141000000,서대문구,서울특별시 서대문구 충정로4길 5-25 (충정로3가),,
참빛요양센터,A7284,(노인복지시설) 노인요양시설,노인의료복지시설,자치구,1132000000,도봉구,"서울특별시 도봉구 도봉로141길 11 (쌍문동, 참빛빌딩)",,
강북요양원2호점,A7293,(노인복지시설) 노인요양공동생활가정,노인의료복지시설,자치구,1132000000,도봉구,"서울특별시 도봉구 도봉로 669, 501호 (방학동, 이정빌딩)",,
청화요양원,A7319,(노인복지시설) 노인요양시설,노인의료복지시설,자치구,1129000000,성북구,"서울특별시 성북구 서경로 67 (정릉동, 동우빌딩)",,
기쁨과나눔노인요양원2호점,A7359,(노인복지시설) 노인요양공동생활가정,노인의료복지시설,자치구,1132000000,도봉구,"서울특별시 도봉구 도봉로137길 48, 2층 (쌍문동)",,
가원노인요양공동생활가정1호점,A7370,(노인복지시설) 노인요양공동생활가정,노인의료복지시설,자치구,1132000000,도봉구,"서울특별시 도봉구 방학로 169, 5층 (방학동)",,
보문요양원,A7405,(노인복지시설) 노인요양시설,노인의료복지시설,자치구,1129000000,성북구,서울특별시 성북구 고려대로7길 32 (안암동1가),,
세검정실버홈,A7412,(노인복지시설) 노인요양시설,노인의료복지시설,자치구,1111000000,종로구,서울특별시 종로구 평창2길 5 (평창동),,
가원노인요양공동생활가정2호점,A7461,(노인복지시설) 노인요양공동생활가정,노인의료복지시설,자치구,1132000000,도봉구,"서울특별시 도봉구 방학로 169, 4층 (방학동)",,
대림실버1 노인요양공동생활가정,A7466,(노인복지시설) 노인요양공동생활가정,노인의료복지시설,자치구,1156000000,영등포구,"서울특별시 영등포구 디지털로 398, 2층 (대림동, 대성빌딩)",,
대림실버2 노인요양공동생활가정,A7467,(노인복지시설) 노인요양공동생활가정,노인의료복지시설,자치구,1156000000,영등포구,"서울특별시 영등포구 디지털로 398, 5층 (대림동, 대성빌딩)",,
마이홈실버,A7543,(노인복지시설) 노인요양공동생활가정,노인의료복지시설,자치구,1141000000,서대문구,"서울특별시 서대문구 연희로 189-24, 1층 (연희동)",,
은천요양원,A7545,(노인복지시설) 노인요양시설,노인의료복지시설,자치구,1123000000,동대문구,서울특별시 동대문구 장한로27가길 53 (장안동),,
미소들실버케어센터,A7599,(노인복지시설) 노인요양시설,노인의료복지시설,자치구,1153000000,구로구,서울특별시 구로구 고척로21나길 88-41 (개봉동),,
노블타운 요양원,A7600,(노인복지시설) 노인요양시설,노인의료복지시설,자치구,1138000000,은평구,서울특별시 은평구 서오릉로 35 (녹번동),,
도봉효드림요양원,A7601,(노인복지시설) 노인요양공동생활가정,노인의료복지시설,자치구,1132000000,도봉구,"서울특별시 도봉구 마들로13길 175, 6층 (창동, 젬스빌딩)",,
서울숲 요양원,A7609,(노인복지시설) 노인요양공동생활가정,노인의료복지시설,자치구,1120000000,성동구,"서울특별시 성동구 뚝섬로 401-2, 4층 (일산빌딩)",,
구로푸른요양원,A7619,(노인복지시설) 노인요양시설,노인의료복지시설,자치구,1153000000,구로구,서울특별시 구로구 개봉로3길 9 (개봉동),,
수요양원,A7625,(노인복지시설) 노인요양공동생활가정,노인의료복지시설,자치구,1135000000,노원구,"서울특별시 노원구 동일로237다길 16, 3층 (상계동)",,
보눔케어요양원,A7650,(노인복지시설) 노인요양시설,노인의료복지시설,자치구,1171000000,송파구,서울특별시 송파구 가락로 27 (석촌동),,
광진소규모요양시설,A7670,(노인복지시설) 노인요양시설,노인의료복지시설,자치구,1121500000,광진구,서울특별시 광진구 자양로51길 11-25 (구의동),,
거목노인요양원,A7751,(노인복지시설) 노인요양공동생활가정,노인의료복지시설,자치구,1130500000,강북구,"서울특별시 강북구 한천로 1160, 4층 (수유동)",,
한마음너싱홈,A7758,(노인복지시설) 노인요양공동생활가정,노인의료복지시설,자치구,1120000000,성동구,서울특별시 성동구 용답중앙길 91 (용답동),,
신목행복자리어르신요양센터,A7908,(노인복지시설) 노인요양시설,노인의료복지시설,자치구,1147000000,양천구,서울특별시 양천구 신목로 10 (신정동),,
남산실버복지센터,A7928,(노인복지시설) 노인요양시설,노인의료복지시설,자치구,1114000000,중구,서울특별시 중구 동호로5길 189 (신당동),,
(주)도봉늘푸른요양원,A7929,(노인복지시설) 노인요양공동생활가정,노인의료복지시설,자치구,1132000000,도봉구,"서울특별시 도봉구 방학로 115 (방학동,그린빌딩 3층)",,
행복한 집,A7965,(노인복지시설) 노인요양시설,노인의료복지시설,자치구,1150000000,강서구,서울특별시 강서구 개화동로11길 3-12 (개화동),,
광진노인요양공동생활가정,A8001,(노인복지시설) 노인요양공동생활가정,노인의료복지시설,자치구,1121500000,광진구,서울특별시 광진구 자양로51길 11-25 (구의동),,
그랜드너싱홈,A8007,(노인복지시설) 노인요양시설,노인의료복지시설,자치구,1174000000,강동구,"서울특별시 강동구 양재대로 1465, 301호 (길동, 마루빌딩)",,
길음안나의집 노인전문요양원,A8008,(노인복지시설) 노인요양시설,노인의료복지시설,자치구,1129000000,성북구,서울특별시 성북구 길음로9길 46 (길음동),,
나이팅게일너싱홈,A8012,(노인복지시설) 노인요양공동생활가정,노인의료복지시설,자치구,1147000000,양천구,"서울특별시 양천구 오목로 22, 202호 (신월동)",,
광진한울촌노인요양시설,A8052,(노인복지시설) 노인요양시설,노인의료복지시설,자치구,1121500000,광진구,서울특별시 광진구 군자로 79 (군자동),,
정성노인요양원,A8080,(노인복지시설) 노인요양공동생활가정,노인의료복지시설,자치구,1159000000,동작구,서울특별시 동작구 보라매로 89 (신대방동),,
시립송파노인전문요양원,A8127,(노인복지시설) 노인요양시설,노인의료복지시설,자치구,1171000000,송파구,서울특별시 송파구 백제고분로32길 37 (삼전동),,
부모섬김노인요양원,A8156,(노인복지시설) 노인요양시설,노인의료복지시설,자치구,1129000000,성북구,"서울특별시 성북구 오패산로 98 (하월곡동,로만프라자 3층)",,
홍은노인요양시설,A8158,(노인복지시설) 노인요양시설,노인의료복지시설,자치구,1141000000,서대문구,"서울특별시 서대문구 홍은중앙로9길 43, 3,4층 (홍은동)",,
로뎀복지요양원,A8214,(노인복지시설) 노인요양시설,노인의료복지시설,자치구,1154500000,금천구,서울특별시 금천구 시흥대로59길 20 (시흥동),,
흰돌장기요양센터1호점,A8240,(노인복지시설) 노인요양공동생활가정,노인의료복지시설,자치구,1174000000,강동구,"서울특별시 강동구 구천면로 323, 6층 (암사동, 개나리프라자)",,
관악노인종합사회복지관 병설 관악치매전문요양센터,A8318,(노인복지시설) 노인요양시설,노인의료복지시설,자치구,1162000000,관악구,서울특별시 관악구 보라매로 35 (봉천동),,
임원요양원,A8356,(노인복지시설) 노인요양시설,노인의료복지시설,자치구,1154500000,금천구,서울특별시 금천구 독산로 959 번지 23 호,,
성심복지센터,A8452,(노인복지시설) 노인요양공동생활가정,노인의료복지시설,자치구,1123000000,동대문구,서울특별시 동대문구 망우로 122-1 (휘경동),,
은파요양원,A8463,(노인복지시설) 노인요양공동생활가정,노인의료복지시설,자치구,1123000000,동대문구,서울특별시 동대문구 한천로 77 (답십리동),,
은나무요양원,A8464,(노인복지시설) 노인요양공동생활가정,노인의료복지시설,자치구,1123000000,동대문구,"서울특별시 동대문구 한천로 77 (답십리동,일신빌딩 3층)",,
도봉효드림요양원,A8478,(노인복지시설) 노인요양공동생활가정,노인의료복지시설,자치구,1132000000,도봉구,"서울특별시 도봉구 마들로13길 175 (창동,젬스빌딩 6층)",,
금호노인요양원,A8551,(노인복지시설) 노인요양시설,노인의료복지시설,자치구,1120000000,성동구,"서울특별시 성동구 금호동4가 188번지 정은타워 B02호, 201호, 301호",,
축복재가장기노인요양원,A8586,(노인복지시설) 노인요양공동생활가정,노인의료복지시설,자치구,1126000000,중랑구,"서울특별시 중랑구 용마산로 389 (면목동,4층)",,
참노인요양원(공동생활가정),A8623,(노인복지시설) 노인요양공동생활가정,노인의료복지시설,자치구,1156000000,영등포구,서울특별시 영등포구 가마산로 373 (대림동),,
주현노인요양원,A8624,(노인복지시설) 노인요양공동생활가정,노인의료복지시설,자치구,1156000000,영등포구,서울특별시 영등포구 가마산로 373 (대림동),,
수실버간호센터,A8637,(노인복지시설) 노인요양공동생활가정,노인의료복지시설,자치구,1171000000,송파구,"서울특별시 송파구 성내천로 212, 3층 (마천동)",,
서대문노인복지관 요양센터,A8673,(노인복지시설) 노인요양시설,노인의료복지시설,자치구,1141000000,서대문구,서울특별시 서대문구 독립문로8길 57 (천연동),,
엘림요양원,A8716,(노인복지시설) 노인요양시설,노인의료복지시설,자치구,1138000000,은평구,서울특별시 은평구 응암로 348 (녹번동),,
양천어르신종합복지관 병설양천어르신요양센터,A8751,(노인복지시설) 노인요양시설,노인의료복지시설,자치구,1147000000,양천구,서울특별시 양천구 목동로3길 106 (신정동),,
성심노인요양원,A8784,(노인복지시설) 노인요양공동생활가정,노인의료복지시설,자치구,1150000000,강서구,"서울특별시 강서구 강서로74길 36 (가양동,서령빌딩 4층)",,
성모노인요양복지센터,A8789,(노인복지시설) 노인요양공동생활가정,노인의료복지시설,자치구,1150000000,강서구,서울특별시 강서구 곰달래로35길 85 (화곡동),,
실버밸리노인요양공동생활가정,A8812,(노인복지시설) 노인요양공동생활가정,노인의료복지시설,자치구,1121500000,광진구,"서울특별시 광진구 자양로 65, 2층 (자양동, 화성빌딩)",,
하루정요양센터,A8821,(노인복지시설) 노인요양공동생활가정,노인의료복지시설,자치구,1132000000,도봉구,"서울특별시 도봉구 해등로17길 42 (쌍문동,명준빌딩 4층)",,
송파치매케어센터,A8835,(노인복지시설) 노인요양시설,노인의료복지시설,자치구,1171000000,송파구,서울특별시 송파구 백제고분로32길 41 (삼전동),,
강남구립 논현요양센터,A8869,(노인복지시설) 노인요양시설,노인의료복지시설,자치구,1168000000,강남구,서울특별시 강남구 강남대로128길 125 번지,,
노원실버센터,A8937,(노인복지시설) 노인요양시설,노인의료복지시설,자치구,1135000000,노원구,서울특별시 노원구 동일로 1097 (공릉동),,
봄날서울요양원,A9082,(노인복지시설) 노인요양시설,노인의료복지시설,자치구,1150000000,강서구,서울특별시 강서구 양천로1길 100 (방화동),,
효도로 노인전문요양원,A9096,(노인복지시설) 노인요양시설,노인의료복지시설,자치구,1153000000,구로구,"서울특별시 구로구 경인로 393-7 (고척동,8,9,10층)",,
보문요양원,A9100,(노인복지시설) 노인요양시설,노인의료복지시설,자치구,1129000000,성북구,서울특별시 성북구 인촌로7길 32 (안암동1가),,
인자인케어센터,A9110,(노인복지시설) 노인요양시설,노인의료복지시설,자치구,1111000000,종로구,서울특별시 종로구 평창17길 26 (평창동),,
케어윌,A9177,(노인복지시설) 노인요양시설,노인의료복지시설,자치구,1129000000,성북구,서울특별시 성북구 보문로 50 (보문동7가),,
강남실버센터,A9181,(노인복지시설) 노인요양시설,노인의료복지시설,자치구,1168000000,강남구,서울특별시 강남구 삼성로 628 (삼성동),,
푸른요양원1호점,A9216,(노인복지시설) 노인요양시설,노인의료복지시설,자치구,1130500000,강북구,"서울특별시 강북구 도봉로81길 43, 지,1~4,8층 (수유동)",,
늘사랑실버센터,A9258,(노인복지시설) 노인요양시설,노인의료복지시설,자치구,1135000000,노원구,"서울특별시 노원구 한글비석로 444, 5층, 4층 1-2호 (상계동)",,
효원요양원A,A9381,(노인복지시설) 노인요양공동생활가정,노인의료복지시설,자치구,1126000000,중랑구,"서울특별시 중랑구 상봉중앙로1길 12 (상봉동, 세광빌딩3층)",,
포도나무실버타운1호점,A9453,(노인복지시설) 노인요양공동생활가정,노인의료복지시설,자치구,1171000000,송파구,"서울특별시 송파구 가락로 2 (석촌동,6층)",,
강동노인복지관 치매요양원,A9535,(노인복지시설) 노인요양시설,노인의료복지시설,자치구,1174000000,강동구,서울특별시 강동구 동남로71길 32-5 (명일동),,
광진노인보호센터,A9553,(노인복지시설) 노인요양공동생활가정,노인의료복지시설,자치구,1121500000,광진구,서울특별시 광진구 뚝섬로58길 13 (자양동),,
밝은요양원,A9631,(노인복지시설) 노인요양공동생활가정,노인의료복지시설,자치구,1121500000,광진구,"서울특별시 광진구 긴고랑로 12, 4층 (중곡동)",,
유린원광노인요양원,A9683,(노인복지시설) 노인요양시설,노인의료복지시설,자치구,1126000000,중랑구,서울특별시 중랑구 신내로 56 (신내동),,
사랑의집,A9722,(노인복지시설) 노인요양공동생활가정,노인의료복지시설,자치구,1165000000,서초구,서울특별시 서초구 탑성말길 26 (염곡동),,
정다운요양원,A9759,(노인복지시설) 노인요양공동생활가정,노인의료복지시설,자치구,1147000000,양천구,서울특별시 양천구 오목로 208 (신정동),,
평창동시니어센터,A9891,(노인복지시설) 노인요양시설,노인의료복지시설,자치구,1111000000,종로구,서울특별시 종로구 평창15길 10 (평창동),,
에덴실버요양원,A9903,(노인복지시설) 노인요양공동생활가정,노인의료복지시설,자치구,1171000000,송파구,서울특별시 송파구 송이로 198-1 (문정동),,
구립서대문노인전문요양센터,B4161,(노인복지시설) 노인요양시설,노인의료복지시설,자치구,1141000000,서대문구,서울특별시 서대문구 홍지문2길 59 (홍은동),,
강변워커힐케어센터,C0000007189,(노인복지시설) 노인요양시설,노인의료복지시설,자치구,1121500000,광진구,서울특별시 광진구 아차산로 634 (광장동),,
경동노인요양공동생활가정,C0000007434,(노인복지시설) 노인요양공동생활가정,노인의료복지시설,자치구,1123000000,동대문구,서울특별시 동대문구 약령시로 124 (청량리동),,
상봉너싱홈,C0000007609,(노인복지시설) 노인요양시설,노인의료복지시설,자치구,1126000000,중랑구,서울특별시 중랑구 봉우재로 79 (상봉동),,
e포근한 노인요양공동생활가정,C0000008162,(노인복지시설) 노인요양공동생활가정,노인의료복지시설,자치구,1130500000,강북구,서울특별시 강북구 도봉로 266 (미아동),,
선의케어센터,C0000008666,(노인복지시설) 노인요양시설,노인의료복지시설,자치구,1135000000,노원구,서울특별시 노원구 동일로 1419 (상계동),,
호암마을,C0000008902,(노인복지시설) 노인요양시설,노인의료복지시설,자치구,1138000000,은평구,서울특별시 은평구 진관외동 488 ,,
호선실버센터,C0000011953,(노인복지시설) 노인요양시설,노인의료복지시설,자치구,1150000000,강서구,서울특별시 강서구 내발산동 산 55-2 ,,
낮은소리의집,C0000013265,(노인복지시설) 노인요양시설,노인의료복지시설,자치구,1165000000,서초구,서울특별시 서초구 새원말길 4-2 (신원동),,
큰사랑,C0000013608,(노인복지시설) 노인요양시설,노인의료복지시설,자치구,1168000000,강남구,서울특별시 강남구 포이동 164-10 ,,
광진노인요양센터(광진노인종합복지관병설),C0101746617,(노인복지시설) 노인요양시설,노인의료복지시설,자치구,1121500000,광진구,"서울특별시 광진구 군자로 88 (군자동,광진노인종합복지관)",,
효효마을,C0102902155,(노인복지시설) 노인요양공동생활가정,노인의료복지시설,자치구,1153000000,구로구,서울특별시 구로구 고척로45길 36-14 (고척동),,
광진좋은너싱홈,C0103970595,(노인복지시설) 노인요양공동생활가정,노인의료복지시설,자치구,1121500000,광진구,"서울특별시 광진구 용마산로 37 (중곡동,이안빌딩 2층)",,
푸른요양원,C0104227647,(노인복지시설) 노인요양시설,노인의료복지시설,자치구,1130500000,강북구,서울특별시 강북구 도봉로81길 43 (수유동),,
수원보훈요양원,C0105104514,(노인복지시설) 노인요양시설,노인의료복지시설,자치구,1159000000,동작구,경기도 수원시 장안구 광교산로 95 (하광교동),,
도우누리 편안한요양원,C0109623266,(노인복지시설) 노인요양공동생활가정,노인의료복지시설,자치구,1123000000,동대문구,"서울특별시 동대문구 한천로37길 19 (답십리동,창승빌딩 5층)",,
동부참사랑요양원,C0110050518,(노인복지시설) 노인요양시설,노인의료복지시설,자치구,1121500000,광진구,서울특별시 광진구 동일로 154 (화양동),,
(주)한누리장수노인요양공동생활가정,C0119020785,(노인복지시설) 노인요양공동생활가정,노인의료복지시설,자치구,1141000000,서대문구,"서울특별시 서대문구 응암로 145, 4층 (북가좌동, 호암빌딩)",,
우리요양원,C0119181054,(노인복지시설) 노인요양시설,노인의료복지시설,자치구,1156000000,영등포구,경기도 군포시 산본동 1097번지 진달래각 3층,,
성신노인요양원,C0119326587,(노인복지시설) 노인요양시설,노인의료복지시설,자치구,1129000000,성북구,서울특별시 성북구 동소문동7가 8번지 2호,,
대한적십자사 구립중구노인요양센터,C0119395660,(노인복지시설) 노인요양시설,노인의료복지시설,자치구,1114000000,중구,서울특별시 중구 장충동2가 192번지 45호,,
온누리요양센터,C0119629119,(노인복지시설) 노인요양시설,노인의료복지시설,자치구,1117000000,용산구,경기도 용인시 처인구 양지면 1번지 1호,,
경동노인요양원,C0119720367,(노인복지시설) 노인요양공동생활가정,노인의료복지시설,자치구,1123000000,동대문구,서울특별시 동대문구 약령시로 122-5 (제기동),,
경동노인요양원2,C0119730175,(노인복지시설) 노인요양공동생활가정,노인의료복지시설,자치구,1123000000,동대문구,서울특별시 동대문구 약령시로 122-5 (제기동),,
가산요양원,C0120958941,(노인복지시설) 노인요양공동생활가정,노인의료복지시설,자치구,1156000000,영등포구,경기도 부천시 원미구 상동 533번지 3호 아트플라자 2층 206호,,
백산실버홈2,C0129640959,(노인복지시설) 노인요양공동생활가정,노인의료복지시설,자치구,1141000000,서대문구,"서울특별시 서대문구 모래내로 285, 4층 (홍은동, 현대빌딩)",,
카네이션은평점2호,C0133061273,(노인복지시설) 노인요양공동생활가정,노인의료복지시설,자치구,1138000000,은평구,서울특별시 은평구 진흥로 47 (역촌동),,
은혜요양원2호점,C0134327675,(노인복지시설) 노인요양시설,노인의료복지시설,자치구,1144000000,마포구,"경기도 부천시 원미구 길주로77번길 19-27 (상동, 광장프라자 6층)",,
희원요양원,C0134701535,(노인복지시설) 노인요양공동생활가정,노인의료복지시설,자치구,1144000000,마포구,경기도 양평군 양서면 용담2길 9-6,,
희원의집,C0134704655,(노인복지시설) 노인요양공동생활가정,노인의료복지시설,자치구,1144000000,마포구,경기도 양평군 서종면 황순원로337번길 12,,
희원노인간호센터,C0134704717,(노인복지시설) 노인요양공동생활가정,노인의료복지시설,자치구,1144000000,마포구,경기도 양평군 양서면 용담2길 9-6,,
한솔요양원,C0138057748,(노인복지시설) 노인요양공동생활가정,노인의료복지시설,자치구,1129000000,성북구,"서울특별시 성북구 오패산로10길 30 (하월곡동, 영광플라자,303-1호)",,
희원노인간호센터,C0138423019,(노인복지시설) 노인요양공동생활가정,노인의료복지시설,자치구,1144000000,마포구,경기도 양평군 양서면 용담2길 9-6,,
실버캐슬 요양타운,C0148482355,(노인복지시설) 노인요양시설,노인의료복지시설,자치구,1154500000,금천구,"서울특별시 금천구 독산로 194 (독산동, 영재빌딩, 2~5층)",,
온누리요양센터,C0149433793,(노인복지시설) 노인요양시설,노인의료복지시설,자치구,1114000000,중구,경기도 용인시 처인구 양지면 441번지,,
가산노인요양원,C0150554838,(노인복지시설) 노인요양시설,노인의료복지시설,자치구,1156000000,영등포구,"경기도 부천시 원미구 상동로117번길 49 (상동, 아트프라자 206호)",,
행복한요양원,C0152094191,(노인복지시설) 노인요양공동생활가정,노인의료복지시설,자치구,1123000000,동대문구,"서울특별시 동대문구 제기로 72, 3층 (제기동)",,
주사랑노인종합복지센터,C0152169289,(노인복지시설) 노인요양공동생활가정,노인의료복지시설,자치구,1135000000,노원구,"서울특별시 노원구 광운로 48, 2층 (월계동)",,
광진늘푸른요양원,C0166251844,(노인복지시설) 노인요양공동생활가정,노인의료복지시설,자치구,1121500000,광진구,"서울특별시 광진구 뚝섬로 613, 6층 (자양동)",,
(협)효마을서대문노인요양공동생활가정1호,C0170721279,(노인복지시설) 노인요양공동생활가정,노인의료복지시설,자치구,1141000000,서대문구,"서울특별시 서대문구 응암로 145, 4 (북가좌동)",,
그린요양원,C0173238896,(노인복지시설) 노인요양공동생활가정,노인의료복지시설,자치구,1132000000,도봉구,"서울특별시 도봉구 방학로 115, 2층 (방학동, 그린빌딩)",,
밝은햇살요양원,C0173908962,(노인복지시설) 노인요양공동생활가정,노인의료복지시설,자치구,1150000000,강서구,"서울특별시 강서구 강서로29길 38, 1층 (화곡동)",,
가천요양원,C0176955699,(노인복지시설) 노인요양공동생활가정,노인의료복지시설,자치구,1126000000,중랑구,"서울특별시 중랑구 신내로14길 13, 4층 (신내동)",,
기쁨과나눔노인요양원2호점,C0177037399,(노인복지시설) 노인요양공동생활가정,노인의료복지시설,자치구,1132000000,도봉구,"서울특별시 도봉구 도봉로137길 48, 2층 (쌍문동)",,
하나요양원,C0189994504,(노인복지시설) 노인요양시설,노인의료복지시설,자치구,1154500000,금천구,"서울특별시 금천구 시흥대로153길 99, 4,7,8층 (가산동)",,
엠더블유노인요양공동생활가정,C0192479114,(노인복지시설) 노인요양공동생활가정,노인의료복지시설,자치구,1111000000,종로구,"서울특별시 종로구 율곡로17길 7-38, 6층 (이화동)",,
강동천호실버센터2호,C0204204742,(노인복지시설) 노인요양공동생활가정,노인의료복지시설,자치구,1174000000,강동구,"서울특별시 강동구 올림픽로 664, 3층 332호 (천호동, 대우 한강 베네시티)",,
강서실버센터,C0291602690,(노인복지시설) 노인요양공동생활가정,노인의료복지시설,자치구,1150000000,강서구,"서울특별시 강서구 강서로45길 174, 4층 (내발산동, 수명산타워 4층)",,
강서실버센터,C0291602782,(노인복지시설) 노인요양공동생활가정,노인의료복지시설,자치구,1150000000,강서구,"서울특별시 강서구 강서로45길 174, 4층 (내발산동, 수명산씨티)",,
경희요양원,C0297772334,(노인복지시설) 노인요양시설,노인의료복지시설,자치구,1150000000,강서구,"서울특별시 강서구 수명로 74, 6층 601호 (내발산동, 발산시티타워)",,
경희요양원,C0297772340,(노인복지시설) 노인요양시설,노인의료복지시설,자치구,1150000000,강서구,"서울특별시 강서구 수명로 74, 6,8,9층 (내발산동)",,
실버케어너싱홈,C0297796377,(노인복지시설) 노인요양시설,노인의료복지시설,자치구,1132000000,도봉구,서울특별시 도봉구 도봉로163길 10 (도봉동),,
번동자연재활요양원,C0297798320,(노인복지시설) 노인요양시설,노인의료복지시설,자치구,1130500000,강북구,서울특별시 강북구 오현로28길 11 (번동),,
금천에이스요양원,C0297803726,(노인복지시설) 노인요양시설,노인의료복지시설,자치구,1154500000,금천구,"서울특별시 금천구 시흥대로 202 (시흥동, 5~7층)",,
강서중앙요양원,C0297808738,(노인복지시설) 노인요양공동생활가정,노인의료복지시설,자치구,1150000000,강서구,"서울특별시 강서구 양천로 132, 2층 (방화동, 한림리첸빌)",,
수명산요양원,C0297808759,(노인복지시설) 노인요양시설,노인의료복지시설,자치구,1150000000,강서구,서울특별시 강서구 수명로2가길 25-16 (내발산동),,
A+은빛요양원1,C0297812662,(노인복지시설) 노인요양공동생활가정,노인의료복지시설,자치구,1171000000,송파구,"서울특별시 송파구 거마로 99, 3층 (마천동)",,
A+은빛요양원2,C0297812681,(노인복지시설) 노인요양공동생활가정,노인의료복지시설,자치구,1171000000,송파구,"서울특별시 송파구 거마로 99, 4층 (마천동)",,
은빛요양원1,C0297812688,(노인복지시설) 노인요양공동생활가정,노인의료복지시설,자치구,1171000000,송파구,"서울특별시 송파구 거마로 99, B1,1층 (마천동)",,
은빛요양원2,C0297812690,(노인복지시설) 노인요양공동생활가정,노인의료복지시설,자치구,1171000000,송파구,"서울특별시 송파구 거마로 99, B1. 2층 (마천동)",,
수호천사요양원,C0297817768,(노인복지시설) 노인요양공동생활가정,노인의료복지시설,자치구,1130500000,강북구,"서울특별시 강북구 삼양로112길 5, 3층 (수유동)",,
88소망요양원,C0297824664,(노인복지시설) 노인요양공동생활가정,노인의료복지시설,자치구,1150000000,강서구,"서울특별시 강서구 화곡로 225, 3층 (화곡동, 두산빌딩)",,
금호무지개요양원,C0297831004,(노인복지시설) 노인요양공동생활가정,노인의료복지시설,자치구,1120000000,성동구,서울특별시 성동구 금호로13길 17 (금호동2가),,
백마요양원,C0297834380,(노인복지시설) 노인요양시설,노인의료복지시설,자치구,1129000000,성북구,서울특별시 성북구 종암로18길 14 (종암동),,
시니어실버타운2,C0297834683,(노인복지시설) 노인요양공동생활가정,노인의료복지시설,자치구,1154500000,금천구,"서울특별시 금천구 독산로 217, 5층 (독산동)",,
사랑재 요양원,C0298172582,(노인복지시설) 노인요양시설,노인의료복지시설,자치구,1121500000,광진구,"서울특별시 광진구 자양로 188 (구의동, 사랑재 요양원)",,
사랑재 요양원,C0299022485,(노인복지시설) 노인요양시설,노인의료복지시설,자치구,1121500000,광진구,"서울특별시 광진구 자양로 188 (구의동, 사랑재 요양원)",,
강동천호실버센터1호,C0304573085,(노인복지시설) 노인요양공동생활가정,노인의료복지시설,자치구,1174000000,강동구,"서울특별시 강동구 올림픽로 664, 331호 (천호동, 대우 한강 베네시티)",,
안암고운너싱홈,C0608037450,(노인복지시설) 노인요양시설,노인의료복지시설,자치구,1123000000,동대문구,서울특별시 동대문구 제기로 8 (제기동),,
나은요양원,C0608037764,(노인복지시설) 노인요양시설,노인의료복지시설,자치구,1162000000,관악구,서울특별시 관악구 난곡로 280-1 (신림동),,
우리함께요양원 서울본점,C0608037777,(노인복지시설) 노인요양시설,노인의료복지시설,자치구,1153000000,구로구,서울특별시 구로구 경인로11길 8-1 (오류동),,
나눔요양원,C0608049012,(노인복지시설) 노인요양시설,노인의료복지시설,자치구,1126000000,중랑구,서울특별시 중랑구 봉우재로1길 14 (면목동),,
아름다운재활요양원,C0608070534,(노인복지시설) 노인요양시설,노인의료복지시설,자치구,1111000000,종로구,서울특별시 종로구 평창25길 8 (평창동),,
사랑과섬김요양원,C0608070989,(노인복지시설) 노인요양공동생활가정,노인의료복지시설,자치구,1135000000,노원구,"서울특별시 노원구 한글비석로 422, 5층 (상계동)",,
돌봄간호요양원1,C0608071026,(노인복지시설) 노인요양공동생활가정,노인의료복지시설,자치구,1135000000,노원구,"서울특별시 노원구 동일로 1550, 6층 601호 (상계동)",,
돌봄간호요양원2,C0608071126,(노인복지시설) 노인요양공동생활가정,노인의료복지시설,자치구,1135000000,노원구,"서울특별시 노원구 동일로 1550, 6층 601호 (상계동)",,
A+은빛요양원3,C0608075146,(노인복지시설) 노인요양공동생활가정,노인의료복지시설,자치구,1171000000,송파구,"서울특별시 송파구 거마로 99, 5층 (마천동)",,
노블레스요양원,C0608087860,(노인복지시설) 노인요양공동생활가정,노인의료복지시설,자치구,1135000000,노원구,"서울특별시 노원구 노원로 479, 2층 (상계동, 대광빌딩)",,
서울숲요양원,C0608091835,(노인복지시설) 노인요양시설,노인의료복지시설,자치구,1162000000,관악구,서울특별시 관악구 난향7길 68 (신림동),,
효마을 중랑요양원,C0608095198,(노인복지시설) 노인요양공동생활가정,노인의료복지시설,자치구,1126000000,중랑구,"서울특별시 중랑구 용마공원로3길 24-10, 지층 (망우동)",,
보람매실버홈,C0608095303,(노인복지시설) 노인요양시설,노인의료복지시설,자치구,1159000000,동작구,"서울특별시 동작구 보라매로5길 51, 206호 (신대방동, 롯데타워)",,
보라매실버홈,C0608095305,(노인복지시설) 노인요양시설,노인의료복지시설,자치구,1159000000,동작구,"서울특별시 동작구 보라매로5길 51, 206호 (신대방동, 롯데타워)",,
세반요양원,C0608104321,(노인복지시설) 노인요양공동생활가정,노인의료복지시설,자치구,1150000000,강서구,"서울특별시 강서구 강서로74길 36, 4층 (가양동, 서령빌딩)",,
사랑가득요양원,C0608109343,(노인복지시설) 노인요양시설,노인의료복지시설,자치구,1154500000,금천구,서울특별시 금천구 독산로 194 (독산동),,
선한노인전문요양원,C0608122326,(노인복지시설) 노인요양시설,노인의료복지시설,자치구,1132000000,도봉구,서울특별시 도봉구 덕릉로62길 52-6 (창동),,
나눔요양원,C0608134697,(노인복지시설) 노인요양공동생활가정,노인의료복지시설,자치구,1162000000,관악구,"서울특별시 관악구 남부순환로 1468, 4층 (신림동)",,
서울조은요양원,C0608134829,(노인복지시설) 노인요양시설,노인의료복지시설,자치구,1154500000,금천구,"서울특별시 금천구 시흥대로152길 11-43, 2층 (독산동)",,
시립강동실버케어센터,C0608140860,(노인복지시설) 노인요양시설,노인의료복지시설,자치구,1174000000,강동구,서울특별시 강동구 고덕로 185 (고덕동),,
민영재활요양원,C0608142896,(노인복지시설) 노인요양시설,노인의료복지시설,자치구,1130500000,강북구,"서울특별시 강북구 덕릉로40길 66 (번동, 3층, 4층)",,
오아시스 메디홈,C0608144359,(노인복지시설) 노인요양시설,노인의료복지시설,자치구,1168000000,강남구,서울특별시 강남구 논현동 94번지 17호,,
은빛요양원1,C0608144928,(노인복지시설) 노인요양공동생활가정,노인의료복지시설,자치구,1162000000,관악구,"서울특별시 관악구 신림로 134, 4층 (신림동)",,
e포근한요양원,C0608179806,(노인복지시설) 노인요양시설,노인의료복지시설,자치구,1129000000,성북구,서울특별시 성북구 솔샘로15다길 32 (정릉동),,
샘물요양원,C0608206841,(노인복지시설) 노인요양공동생활가정,노인의료복지시설,자치구,1154500000,금천구,"서울특별시 금천구 독산로 217, 4층 (독산동)",,
햇살요양원 1호점,C0608208337,(노인복지시설) 노인요양공동생활가정,노인의료복지시설,자치구,1130500000,강북구,"서울특별시 강북구 도봉로 403, 2층 (수유동, 태일빌딩)",,
햇살요양원 2호점,C0608208338,(노인복지시설) 노인요양공동생활가정,노인의료복지시설,자치구,1130500000,강북구,"서울특별시 강북구 도봉로 403, 3층 (수유동, 태일빌딩)",,
사랑과섬김요양원,C0608211694,(노인복지시설) 노인요양공동생활가정,노인의료복지시설,자치구,1126000000,중랑구,"서울특별시 중랑구 동일로 905, 2층 (묵동)",,
엔젤요양원,C0608215339,(노인복지시설) 노인요양공동생활가정,노인의료복지시설,자치구,1162000000,관악구,"서울특별시 관악구 남부순환로 1432-7, 4층 (신림동)",,
미소지움요양원,C0608350210,(노인복지시설) 노인요양공동생활가정,노인의료복지시설,자치구,1123000000,동대문구,"서울특별시 동대문구 한천로37길 19, 3층 (답십리동)",,
현인요양원,C0608351129,(노인복지시설) 노인요양시설,노인의료복지시설,자치구,1130500000,강북구,서울특별시 강북구 삼각산로 22 (수유동),,
다애요양원,C0608365574,(노인복지시설) 노인요양시설,노인의료복지시설,자치구,1129000000,성북구,"서울특별시 성북구 성북로4길 52 (돈암동, 한신아파트 한진스포츠센터동 제지하 2층 5305, 5306호)",,
금강요양원,C0608396345,(노인복지시설) 노인요양공동생활가정,노인의료복지시설,자치구,1126000000,중랑구,"서울특별시 중랑구 망우로 262, 2층 (상봉동)",,
석관실버홈,C0608411405,(노인복지시설) 노인요양공동생활가정,노인의료복지시설,자치구,1129000000,성북구,"서울특별시 성북구 화랑로 278, 2층 (석관동)",,
태릉참실버케어,C0608411919,(노인복지시설) 노인요양시설,노인의료복지시설,자치구,1135000000,노원구,"서울특별시 노원구 화랑로51가길 11-8 (공릉동, 태릉참실버케어)",,
사랑가득요양원3호,C0608412145,(노인복지시설) 노인요양공동생활가정,노인의료복지시설,자치구,1138000000,은평구,서울특별시 은평구 수색로14길 5-3 (수색동),,
신아노인요양안심가정,C0608437265,(노인복지시설) 노인요양공동생활가정,노인의료복지시설,자치구,1171000000,송파구,서울특별시 송파구 양산로8길 17 (거여동),,
푸른소나무강서요양원,C0608437903,(노인복지시설) 노인요양공동생활가정,노인의료복지시설,자치구,1150000000,강서구,"서울특별시 강서구 강서로45길 174, 4층 408~411호 (내발산동)",,
벨라지오재활요양원,C0608497716,(노인복지시설) 노인요양시설,노인의료복지시설,자치구,1153000000,구로구,인천광역시 부평구 42 (부개동),,
시립은평실버케어센터,C0608497998,(노인복지시설) 노인요양시설,노인의료복지시설,자치구,1138000000,은평구,서울특별시 은평구 수색로 322-3 (수색동),,
한솔요양원,C0608498055,(노인복지시설) 노인요양시설,노인의료복지시설,자치구,1129000000,성북구,서울특별시 성북구 오패산로10길 30 (하월곡동),,
강동천호실버센터1호,C0608565810,(노인복지시설) 노인요양공동생활가정,노인의료복지시설,자치구,1174000000,강동구,"서울특별시 강동구 올림픽로 664, 3층 31호 (천호동, 대우 한강 베네시티)",,
강동천호실버센터2호,C0608565811,(노인복지시설) 노인요양공동생활가정,노인의료복지시설,자치구,1174000000,강동구,"서울특별시 강동구 올림픽로 664, 332호 (천호동, 대우 한강 베네시티)",,
푸른소나무강서요양원,C0608569199,(노인복지시설) 노인요양공동생활가정,노인의료복지시설,자치구,1150000000,강서구,"서울특별시 강서구 강서로45길 174, 4층 408~411호 (내발산동)",,
행복한요양원,C0608577788,(노인복지시설) 노인요양공동생활가정,노인의료복지시설,자치구,1135000000,노원구,"서울특별시 노원구 한글비석로47길 58, 4층 (상계동)",,
가나안요양원,C0608593266,(노인복지시설) 노인요양공동생활가정,노인의료복지시설,자치구,1162000000,관악구,"서울특별시 관악구 조원로 24, 601호 (신림동, 신원빌딩)",,
명지요양원 ,C0608593267,(노인복지시설) 노인요양공동생활가정,노인의료복지시설,자치구,1162000000,관악구,서울특별시 관악구 난곡로 316 (신림동),,
우리집요양원,C0608621429,(노인복지시설) 노인요양공동생활가정,노인의료복지시설,자치구,1123000000,동대문구,서울특별시 동대문구 제기로 72 (제기동),,
참사랑요양원,C0608739395,(노인복지시설) 노인요양공동생활가정,노인의료복지시설,자치구,1130500000,강북구,"서울특별시 강북구 오현로 32, 5층 (미아동)",,
그린케어요양센터,C0608739698,(노인복지시설) 노인요양시설,노인의료복지시설,자치구,1153000000,구로구,"서울특별시 구로구 중앙로 60, 6,7층 (고척동)",,
아가페요양센터,C0608739844,(노인복지시설) 노인요양공동생활가정,노인의료복지시설,자치구,1132000000,도봉구,"서울특별시 도봉구 도봉로133길 34, 1층 (쌍문동, 만경빌리지)",,
아가페요양종합복지센터,C0608861781,(노인복지시설) 노인요양공동생활가정,노인의료복지시설,자치구,1132000000,도봉구,"서울특별시 도봉구 도봉로133길 34, 1층 (쌍문동, 만경빌리지)",,
성모요양원A,C0608861844,(노인복지시설) 노인요양공동생활가정,노인의료복지시설,자치구,1135000000,노원구,"서울특별시 노원구 노원로 479, 3층 (상계동)",,
노블레스요양원,C0608862063,(노인복지시설) 노인요양공동생활가정,노인의료복지시설,자치구,1135000000,노원구,"서울특별시 노원구 노원로 479, 2층 (상계동)",,
서초 어반 시니어스,C0609018154,(노인복지시설) 노인요양시설,노인의료복지시설,자치구,1165000000,서초구,서울특별시 서초구 방배로19길 42 (방배동),,
종암요양원,C0609131593,(노인복지시설) 노인요양시설,노인의료복지시설,자치구,1129000000,성북구,서울특별시 성북구 종암로9길 56 (종암동),,
청림요양원,C0609165158,(노인복지시설) 노인요양시설,노인의료복지시설,자치구,1154500000,금천구,"서울특별시 금천구 범안로21길 8, 3층 (독산동)",,
가온요양원,C0609181708,(노인복지시설) 노인요양공동생활가정,노인의료복지시설,자치구,1135000000,노원구,"서울특별시 노원구 노원로 479, 5층 (상계동)",,
서울실버하임,C0609182141,(노인복지시설) 노인요양시설,노인의료복지시설,자치구,1147000000,양천구,서울특별시 양천구 은행정로5길 5 (신정동),,
연세요양원,C0609217214,(노인복지시설) 노인요양시설,노인의료복지시설,자치구,1154500000,금천구,서울특별시 금천구 시흥대로71길 41 (시흥동),,
한솔요양원,C0609217483,(노인복지시설) 노인요양시설,노인의료복지시설,자치구,1150000000,강서구,"서울특별시 강서구 수명로 82, 9층 901호 (내발산동, 발산로얄타워)",,
현인요양원,C0609254770,(노인복지시설) 노인요양시설,노인의료복지시설,자치구,1130500000,강북구,"서울특별시 강북구 삼각산로 20 (수유동, (현인요양원 ,삼각산로20, 22))",,
서울에덴실버타운,C0609254939,(노인복지시설) 노인요양시설,노인의료복지시설,자치구,1162000000,관악구,"서울특별시 관악구 장군봉1길 56, 4~7층 (봉천동, 우형빌딩)",,
서울에덴실버타운,C0609254940,(노인복지시설) 노인요양시설,노인의료복지시설,자치구,1162000000,관악구,"서울특별시 관악구 장군봉1길 56, 4~7층 (봉천동, 우형빌딩)",,
사랑요양원,C0609283162,(노인복지시설) 노인요양공동생활가정,노인의료복지시설,자치구,1126000000,중랑구,"서울특별시 중랑구 용마산로 494 (망우동, 상아프라자 5층)",,
늘푸른재활요양원,C0609294154,(노인복지시설) 노인요양시설,노인의료복지시설,자치구,1150000000,강서구,"서울특별시 강서구 수명로 80, 6~9층 (내발산동, 베스트프라자)",,
경복궁요양원,C0609299965,(노인복지시설) 노인요양시설,노인의료복지시설,자치구,1171000000,송파구,서울특별시 송파구 성내천로47길 40 (마천동),,
새솔요양원,C0609300007,(노인복지시설) 노인요양공동생활가정,노인의료복지시설,자치구,1126000000,중랑구,"서울특별시 중랑구 봉우재로 79, 5층 (상봉동)",,
프리미어 양천 요양원,C0609330259,(노인복지시설) 노인요양시설,노인의료복지시설,자치구,1147000000,양천구,"서울특별시 양천구 목동남로4길 38, 지층, 3층 (신정동)",,
은빛실버요양원,C0609363440,(노인복지시설) 노인요양공동생활가정,노인의료복지시설,자치구,1162000000,관악구,"서울특별시 관악구 신림로 134, 5층 (신림동)",,
동작사랑요양원,C0609421015,(노인복지시설) 노인요양공동생활가정,노인의료복지시설,자치구,1159000000,동작구,"서울특별시 동작구 양녕로25사길 21, 1,2층 (상도동)",,
은빛사랑1,C0609492162,(노인복지시설) 노인요양공동생활가정,노인의료복지시설,자치구,1156000000,영등포구,"서울특별시 영등포구 디지털로 392, 4층 (대림동)",,
은빛사랑2,C0609492165,(노인복지시설) 노인요양공동생활가정,노인의료복지시설,자치구,1156000000,영등포구,"서울특별시 영등포구 디지털로 392, 5층 (대림동)",,
은빛사랑3,C0609492171,(노인복지시설) 노인요양공동생활가정,노인의료복지시설,자치구,1156000000,영등포구,"서울특별시 영등포구 디지털로 392, 6층 (대림동)",,
효심 요양원,C0609492431,(노인복지시설) 노인요양공동생활가정,노인의료복지시설,자치구,1130500000,강북구,"서울특별시 강북구 삼양로77가길 9, 지층/2층 (수유동)",,
서울시니어타운,C0609492565,(노인복지시설) 노인요양시설,노인의료복지시설,자치구,1147000000,양천구,서울특별시 양천구 곰달래로6길 17-1 (신월동),,
행복요양원,C0609492905,(노인복지시설) 노인요양공동생활가정,노인의료복지시설,자치구,1153000000,구로구,"서울특별시 구로구 경인로23길 8, 7층 (오류동, 대서프라자)",,
늘푸른요양원,C0609523110,(노인복지시설) 노인요양공동생활가정,노인의료복지시설,자치구,1129000000,성북구,"서울특별시 성북구 장월로1길 60, 4층 (상월곡동)",,
KB골든라이프케어 은평 빌리지,C0609523119,(노인복지시설) 노인요양시설,노인의료복지시설,자치구,1138000000,은평구,서울특별시 은평구 연서로 391 (진관동),,
행복요양원,C0609543152,(노인복지시설) 노인요양시설,노인의료복지시설,자치구,1130500000,강북구,"서울특별시 강북구 삼양로163길 15 (우이동, 행복요양원)",,
집으로요양원1,C0609543160,(노인복지시설) 노인요양공동생활가정,노인의료복지시설,자치구,1156000000,영등포구,"서울특별시 영등포구 대림로 88, 4층 (대림동)",,
집으로요양원2,C0609543163,(노인복지시설) 노인요양공동생활가정,노인의료복지시설,자치구,1156000000,영등포구,"서울특별시 영등포구 대림로 88, 4층 (대림동)",,
강북효심요양원,C0609589136,(노인복지시설) 노인요양공동생활가정,노인의료복지시설,자치구,1130500000,강북구,"서울특별시 강북구 삼양로77가길 9, 4층 (수유동)",,
늘품요양원,C0609600128,(노인복지시설) 노인요양공동생활가정,노인의료복지시설,자치구,1135000000,노원구,"서울특별시 노원구 한글비석로47길 58, 3층 (상계동)",,
늘품요양원,C0609616164,(노인복지시설) 노인요양공동생활가정,노인의료복지시설,자치구,1135000000,노원구,"서울특별시 노원구 한글비석로47길 58, 3층 (상계동)",,
미소지움요양원,C0609677535,(노인복지시설) 노인요양공동생활가정,노인의료복지시설,자치구,1123000000,동대문구,"서울특별시 동대문구 한천로37길 19, 3층 (답십리동)",,
엔젤리아요양원,C0609681178,(노인복지시설) 노인요양공동생활가정,노인의료복지시설,자치구,1150000000,강서구,"서울특별시 강서구 금낭화로 5, 3층 (방화동)",,
윤화요양원,C0609706367,(노인복지시설) 노인요양공동생활가정,노인의료복지시설,자치구,1123000000,동대문구,"서울특별시 동대문구 한천로37길 23, 2층 (답십리동)",,
강북하루정요양원2,C0609707921,(노인복지시설) 노인요양공동생활가정,노인의료복지시설,자치구,1130500000,강북구,"서울특별시 강북구 삼양로112길 5, 4층 (수유동)",,
관악중앙실버타운,C0609707946,(노인복지시설) 노인요양시설,노인의료복지시설,자치구,1162000000,관악구,"서울특별시 관악구 양녕로 93, 501호 (봉천동, 블루밍센터빌딩)",,
KB골든라이프케어 강동빌리지,C0609711222,(노인복지시설) 노인요양시설,노인의료복지시설,자치구,1174000000,강동구,서울특별시 강동구 아리수로93나길 10 (강일동),,
한마음요양원,C0609711526,(노인복지시설) 노인요양공동생활가정,노인의료복지시설,자치구,1168000000,강남구,"서울특별시 강남구 논현로12길 19-4, 2~3층 (개포동)",,
사회복지법인 진각복지재단 진각홈케어 성북센터,F04366,(노인복지시설) 노인요양시설,노인의료복지시설,자치구,1129000000,성북구,서울특별시 성북구 화랑로 215층 (하월곡동),,
이암요양원,F04452,(노인복지시설) 노인요양시설,노인의료복지시설,자치구,1120000000,성동구,서울특별시 성동구 마장로 125 (상왕십리동),,
(가칭)치매안심마을,F04762,(노인복지시설) 노인요양시설,노인의료복지시설,자치구,1117000000,용산구,경기도 양주시 백석읍 기산로440번길 34 ,,
서울시립마포실버케어센터,F04766,(노인복지시설) 노인요양시설,노인의료복지시설,자치구,1144000000,마포구,서울특별시 마포구 백범로31길 21서울특별시립마포실버케어센터 (공덕동),,
서울시립동대문실버케어센터,F04767,(노인복지시설) 노인요양시설,노인의료복지시설,자치구,1100000000,서울특별시,서울특별시 동대문구 황물로 12 (답십리동),,
수명산요양원,F14036,(노인복지시설) 노인요양시설,노인의료복지시설,자치구,1150000000,강서구,서울특별시 강서구 수명로2가길 25-16수명산요양원 (내발산동)(내발산동),,
88소망요양원,F14037,(노인복지시설) 노인요양공동생활가정,노인의료복지시설,자치구,1150000000,강서구,서울특별시 강서구 화곡로 2253층 (화곡동)(화곡동),,
시립강동실버케어센터,F14054,(노인복지시설) 노인요양시설,노인의료복지시설,자치구,1174000000,강동구,서울특별시 강동구 고덕로 199 (고덕동) 시립강동실버케어센터,,
민영재활요양원,F14074,(노인복지시설) 노인요양시설,노인의료복지시설,자치구,1130500000,강북구,서울특별시 강북구 덕릉로40길 663층 (번동)(번동),,
민영재활요양원,F14075,(노인복지시설) 노인요양시설,노인의료복지시설,자치구,1130500000,강북구,서울특별시 강북구 덕릉로40길 663층 (번동),,
삼농실버마을,G0032,(노인복지시설) 노인요양시설,노인의료복지시설,자치구,1153000000,구로구,서울특별시 구로구 오류로8길 84 (오류동),,
구립한남노인요양원,G0357,(노인복지시설) 노인요양시설,노인의료복지시설,자치구,1117000000,용산구,서울특별시 용산구 독서당로 103 (한남동),,
효심(가)요양원,G0443,(노인복지시설) 노인요양공동생활가정,노인의료복지시설,자치구,1126000000,중랑구,"서울특별시 중랑구 망우로 171, 5층 (중화동)",,
효심(나)요양원,G0444,(노인복지시설) 노인요양공동생활가정,노인의료복지시설,자치구,1126000000,중랑구,"서울특별시 중랑구 망우로 171, 5층 (중화동)",,
국민건강보험공단 서울요양원,G0512,(노인복지시설) 노인요양시설,노인의료복지시설,자치구,1168000000,강남구,서울특별시 강남구 헌릉로590길 50 (세곡동),,
대한실버하우스,G0522,(노인복지시설) 노인요양공동생활가정,노인의료복지시설,자치구,1154500000,금천구,서울특별시 금천구 독산로78길 21 (독산동),,
편안한노인요양센터,G0585,(노인복지시설) 노인요양공동생활가정,노인의료복지시설,자치구,1132000000,도봉구,"서울특별시 도봉구 덕릉로59아길 54, 3층 (창동, 이순빌딩)",,
도봉요양원,G0636,(노인복지시설) 노인요양공동생활가정,노인의료복지시설,자치구,1132000000,도봉구,"서울특별시 도봉구 도봉로 601, 401호 (쌍문동, 시그마팰리스)",,
가온요양원2,G0759,(노인복지시설) 노인요양공동생활가정,노인의료복지시설,자치구,1130500000,강북구,"서울특별시 강북구 한천로 1075, 5층 (수유동)",,
가온요양원1,G0761,(노인복지시설) 노인요양공동생활가정,노인의료복지시설,자치구,1130500000,강북구,"서울특별시 강북구 한천로 1075, 3층 (수유동)",,
강남유명요양원,G0863,(노인복지시설) 노인요양공동생활가정,노인의료복지시설,자치구,1168000000,강남구,"서울특별시 강남구 개포로140길 32, 5층 (일원동, 원효빌딩)",,
시립중랑노인전문요양원,G0884,(노인복지시설) 노인요양시설,노인의료복지시설,자치구,1126000000,중랑구,"서울특별시 중랑구 양원역로 38 (망우동, 시립중랑노인전문요양원)",,
인애요양원,G0891,(노인복지시설) 노인요양공동생활가정,노인의료복지시설,자치구,1162000000,관악구,"서울특별시 관악구 신림로 169, 201호 (신림동, 영창빌딩)",,
사랑나눔요양원2,G1063,(노인복지시설) 노인요양공동생활가정,노인의료복지시설,자치구,1130500000,강북구,"서울특별시 강북구 도봉로 243, 4층 (미아동)",,
사랑재활요양원,G1064,(노인복지시설) 노인요양공동생활가정,노인의료복지시설,자치구,1132000000,도봉구,"서울특별시 도봉구 덕릉로59아길 54, 4층 (창동)",,
은평요양원,G1094,(노인복지시설) 노인요양시설,노인의료복지시설,자치구,1138000000,은평구,서울특별시 은평구 진흥로 47 (역촌동),,
love사랑맞이요양원,G1102,(노인복지시설) 노인요양시설,노인의료복지시설,자치구,1132000000,도봉구,"서울특별시 도봉구 마들로 649-20, 8층 (방학동, 메인프라자)",,
A+도봉재활요양원,G1137,(노인복지시설) 노인요양시설,노인의료복지시설,자치구,1132000000,도봉구,"서울특별시 도봉구 도봉로152길 26, 6 (방학동)",,
목동조은요양원,G1167,(노인복지시설) 노인요양공동생활가정,노인의료복지시설,자치구,1147000000,양천구,서울특별시 양천구 중앙로 294 (신정동),,
휴림실버요양센터,G1211,(노인복지시설) 노인요양시설,노인의료복지시설,자치구,1153000000,구로구,"서울특별시 구로구 디지털로27길 119, B2,2,3 (가리봉동)",,
21세기요양원 노인요양공동생활가정,G1299,(노인복지시설) 노인요양공동생활가정,노인의료복지시설,자치구,1156000000,영등포구,"서울특별시 영등포구 도신로 69, 4층 (도림동)",,
상봉요양원요양센터,G1334,(노인복지시설) 노인요양시설,노인의료복지시설,자치구,1126000000,중랑구,서울특별시 중랑구 용마산로 485 (망우동),,
봄날북한산요양원,G1340,(노인복지시설) 노인요양시설,노인의료복지시설,자치구,1130500000,강북구,"서울특별시 강북구 4.19로 77 (수유동, 봄날북한산요양원)",,
수색실버케어,G1388,(노인복지시설) 노인요양시설,노인의료복지시설,자치구,1138000000,은평구,서울특별시 은평구 수색로 272-1 (수색동),,
해피움시니어스타워(종로점),G1403,(노인복지시설) 노인요양시설,노인의료복지시설,자치구,1111000000,종로구,서울특별시 종로구 홍지문길 29 (홍지동),,
성동실버케어요양원,G1469,(노인복지시설) 노인요양공동생활가정,노인의료복지시설,자치구,1121500000,광진구,"서울특별시 광진구 뚝섬로 613, 4층 (자양동)",,
다사랑요양원,G1482,(노인복지시설) 노인요양시설,노인의료복지시설,자치구,1132000000,도봉구,서울특별시 도봉구 도봉로191길 88-6 (도봉동),,
서울숲재활요양원,G1491,(노인복지시설) 노인요양공동생활가정,노인의료복지시설,자치구,1120000000,성동구,"서울특별시 성동구 뚝섬로 401-2, 3층",,
사랑재활요양원2호점,G1493,(노인복지시설) 노인요양공동생활가정,노인의료복지시설,자치구,1132000000,도봉구,"서울특별시 도봉구 덕릉로59아길 54, 3층 (창동, 이순빌딩)",,
효심(라)요양원,G1495,(노인복지시설) 노인요양공동생활가정,노인의료복지시설,자치구,1126000000,중랑구,"서울특별시 중랑구 망우로 171, 6층 (중화동)",,
효심(다)요양원,G1496,(노인복지시설) 노인요양공동생활가정,노인의료복지시설,자치구,1126000000,중랑구,"서울특별시 중랑구 망우로 171, 6층 (중화동)",,
A+행복한그린요양원,G1585,(노인복지시설) 노인요양시설,노인의료복지시설,자치구,1135000000,노원구,서울특별시 노원구 동일로230나길 23 (상계동),,
사랑방요양원,G1622,(노인복지시설) 노인요양공동생활가정,노인의료복지시설,자치구,1132000000,도봉구,"서울특별시 도봉구 도봉로 727-1, 2 (방학동, 금천빌딩)",,
주은요양원,G1623,(노인복지시설) 노인요양공동생활가정,노인의료복지시설,자치구,1154500000,금천구,"서울특별시 금천구 시흥대로 487, 3층 (독산동)",,
강일성모노인요양원,G1662,(노인복지시설) 노인요양시설,노인의료복지시설,자치구,1174000000,강동구,서울특별시 강동구 고덕로 476 (강일동),,
카멜리아요양원,G1691,(노인복지시설) 노인요양공동생활가정,노인의료복지시설,자치구,1126000000,중랑구,"서울특별시 중랑구 동일로 933, 7층 (묵동, 수정빌딩)",,
꿈에그린요양원1,G1713,(노인복지시설) 노인요양공동생활가정,노인의료복지시설,자치구,1132000000,도봉구,"서울특별시 도봉구 방학로 106, 4층 (방학동, 스마트빌딩)",,
구로 미가 요양원,G1744,(노인복지시설) 노인요양시설,노인의료복지시설,자치구,1153000000,구로구,서울특별시 구로구 천왕로 36 (천왕동),,
도봉은빛요양원,G1749,(노인복지시설) 노인요양공동생활가정,노인의료복지시설,자치구,1132000000,도봉구,"서울특별시 도봉구 방학로 106, 5층 (방학동, 스마트빌딩)",,
강서사랑요양원,G1803,(노인복지시설) 노인요양시설,노인의료복지시설,자치구,1150000000,강서구,서울특별시 강서구 곰달래로 71 (화곡동),,
삼성요양원,G1831,(노인복지시설) 노인요양시설,노인의료복지시설,자치구,1162000000,관악구,"서울특별시 관악구 호암로 401 (신림동, 주공2300프라자 4층 ~ 5층)",,
서울시립영보노인요양원,G1838,(노인복지시설) 노인요양시설,노인의료복지시설,자치구,1159000000,동작구,경기도 용인시 처인구 이동면 이원로 483,,
햇살요양원,G1932,(노인복지시설) 노인요양시설,노인의료복지시설,자치구,1150000000,강서구,서울특별시 강서구 공항대로41길 34 (등촌동),,
참사랑실버케어,G1934,(노인복지시설) 노인요양시설,노인의료복지시설,자치구,1150000000,강서구,서울특별시 강서구 까치산로 106 (화곡동),,
그린요양원,G2007,(노인복지시설) 노인요양공동생활가정,노인의료복지시설,자치구,1132000000,도봉구,"서울특별시 도봉구 방학로 115, 2층 (방학동, 그린빌딩)",,
주안요양원,G2061,(노인복지시설) 노인요양공동생활가정,노인의료복지시설,자치구,1138000000,은평구,서울특별시 은평구 서오릉로13길 10 (구산동),,
둥지요양원,G2067,(노인복지시설) 노인요양시설,노인의료복지시설,자치구,1129000000,성북구,"서울특별시 성북구 오패산로 49, 2층 1호 (하월곡동)",,
가족사랑요양원,G2181,(노인복지시설) 노인요양시설,노인의료복지시설,자치구,1130500000,강북구,"서울특별시 강북구 한천로 1108-1, 2, 3층 (수유동)",,
행복한노인요양원2,G2213,(노인복지시설) 노인요양공동생활가정,노인의료복지시설,자치구,1130500000,강북구,"서울특별시 강북구 덕릉로 46, 4층 2호 (수유동)",,
행복한노인요양원1,G2214,(노인복지시설) 노인요양공동생활가정,노인의료복지시설,자치구,1130500000,강북구,"서울특별시 강북구 덕릉로 46, 2층 2호 (수유동)",,
우리가족요양원 2호점,G2243,(노인복지시설) 노인요양공동생활가정,노인의료복지시설,자치구,1126000000,중랑구,"서울특별시 중랑구 용마산로 488, 5층 (망우동, 유진빌딩)",,
우리가족요양원 1호점,G2244,(노인복지시설) 노인요양공동생활가정,노인의료복지시설,자치구,1126000000,중랑구,"서울특별시 중랑구 용마산로 488, 6층 (망우동, 유진빌딩)",,
효드림요양원,G2267,(노인복지시설) 노인요양시설,노인의료복지시설,자치구,1141000000,서대문구,"서울특별시 서대문구 응암로 62, 4~7층 (북가좌동)",,
실버캐슬요양원,G2332,(노인복지시설) 노인요양공동생활가정,노인의료복지시설,자치구,1154500000,금천구,서울특별시 금천구 시흥대로139길 14 (독산동),,
다원요양원,G2340,(노인복지시설) 노인요양공동생활가정,노인의료복지시설,자치구,1162000000,관악구,"서울특별시 관악구 조원중앙로 24, 3층 (신림동, 우진빌딩)",,
다원요양센터,G2341,(노인복지시설) 노인요양공동생활가정,노인의료복지시설,자치구,1162000000,관악구,"서울특별시 관악구 조원중앙로 24, 5층 (신림동, 우진빌딩)",,
영지요양원,G2368,(노인복지시설) 노인요양시설,노인의료복지시설,자치구,1126000000,중랑구,서울특별시 중랑구 봉우재로 47 (면목동),,
신월실버요양원,G2400,(노인복지시설) 노인요양시설,노인의료복지시설,자치구,1147000000,양천구,서울특별시 양천구 곰달래로 30 (신월동),,
평강요양원,G2405,(노인복지시설) 노인요양공동생활가정,노인의료복지시설,자치구,1126000000,중랑구,"서울특별시 중랑구 용마산로112길 90, 3층 (망우동, 성공빌딩)",,
도우누리편안한요양원,G2460,(노인복지시설) 노인요양공동생활가정,노인의료복지시설,자치구,1123000000,동대문구,"서울특별시 동대문구 한천로37길 19, A동 5층 (답십리동, 창승빌딩)",,
쌍문늘푸른요양원,G2474,(노인복지시설) 노인요양공동생활가정,노인의료복지시설,자치구,1132000000,도봉구,"서울특별시 도봉구 해등로26길 7, 쌍문동 501호 (쌍문동)",,
가천요양원,G2527,(노인복지시설) 노인요양공동생활가정,노인의료복지시설,자치구,1126000000,중랑구,"서울특별시 중랑구 신내로14길13, 4층 (신내동)",,
나이팅게일너싱홈,G2555,(노인복지시설) 노인요양시설,노인의료복지시설,자치구,1159000000,동작구,"서울특별시 동작구 남부순환로255길 8, 1,3층 101,301호 (사당동, 장미빌라)",,
늘봄시니어케어센터,G2589,(노인복지시설) 노인요양시설,노인의료복지시설,자치구,1153000000,구로구,서울특별시 구로구 새말로 38-12 (구로동),,
도봉하루요양원2호점,G2597,(노인복지시설) 노인요양공동생활가정,노인의료복지시설,자치구,1132000000,도봉구,서울특별시 도봉구 방학로3길 103 (쌍문동),,
마더노인요양센터,G2659,(노인복지시설) 노인요양시설,노인의료복지시설,자치구,1174000000,강동구,"서울특별시 강동구 명일로 230, 2층 (길동, 삼보프리빌)",,
엘림요양원,G2687,(노인복지시설) 노인요양공동생활가정,노인의료복지시설,자치구,1126000000,중랑구,"서울특별시 중랑구 봉우재로 79, 3층 (상봉동, 화성빌딩)",,
실버빌노인요양원2호점,G2744,(노인복지시설) 노인요양시설,노인의료복지시설,자치구,1132000000,도봉구,"서울특별시 도봉구 노해로 277 (창동, 우진빌딩)",,
우리엄마요양원,G2778,(노인복지시설) 노인요양공동생활가정,노인의료복지시설,자치구,1129000000,성북구,"서울특별시 성북구 보문로 123, 3층 (보문동2가)",,
한가람요양원,G2846,(노인복지시설) 노인요양시설,노인의료복지시설,자치구,1150000000,강서구,"서울특별시 강서구 등촌로 183, 4층,5층 (등촌동)",,
실버캐슬요양타운,G2883,(노인복지시설) 노인요양시설,노인의료복지시설,자치구,1147000000,양천구,서울특별시 양천구 신월로 107 (신월동),,
정원요양원,G2893,(노인복지시설) 노인요양공동생활가정,노인의료복지시설,자치구,1126000000,중랑구,"서울특별시 중랑구 용마산로112길 90, 4층 (망우동)",,
경복궁요양센터,G2901,(노인복지시설) 노인요양시설,노인의료복지시설,자치구,1171000000,송파구,서울특별시 송파구 성내천로47길 40 (마천동),,
강북재활요양원2호점,G3008,(노인복지시설) 노인요양공동생활가정,노인의료복지시설,자치구,1132000000,도봉구,"서울특별시 도봉구 도봉로 669, 601호 (방학동, 이정빌딩)",,
강북재활요양원,G3010,(노인복지시설) 노인요양공동생활가정,노인의료복지시설,자치구,1132000000,도봉구,"서울특별시 도봉구 도봉로 669, 601호 (방학동, 이정빌딩)",,
가족사랑요양원,G3078,(노인복지시설) 노인요양시설,노인의료복지시설,자치구,1154500000,금천구,"서울특별시 금천구 시흥대로 214, 10층 (시흥동)",,
큰사랑요양원,G3095,(노인복지시설) 노인요양시설,노인의료복지시설,자치구,1132000000,도봉구,"서울특별시 도봉구 도봉로180길 46, 5층 (도봉동)",,
행복마지요양원,G3108,(노인복지시설) 노인요양시설,노인의료복지시설,자치구,1150000000,강서구,"서울특별시 강서구 강서로12길 8-8, 1,2층 (화곡동, 근상프리즘주상복합아파트)",,
청춘요양원,G3115,(노인복지시설) 노인요양시설,노인의료복지시설,자치구,1132000000,도봉구,"서울특별시 도봉구 도봉로180길 46, 4층 (도봉동)",,
은나무요양원,G3116,(노인복지시설) 노인요양시설,노인의료복지시설,자치구,1132000000,도봉구,"서울특별시 도봉구 도봉로180길 46, 6층 (도봉동)",,
행복요양원,G3119,(노인복지시설) 노인요양시설,노인의료복지시설,자치구,1132000000,도봉구,"서울특별시 도봉구 도봉로180길 46, 2층 (도봉동)",,
상계요양원,G3121,(노인복지시설) 노인요양시설,노인의료복지시설,자치구,1135000000,노원구,서울특별시 노원구 동일로242바길 27 (상계동),,
미소사랑요양원,G3143,(노인복지시설) 노인요양시설,노인의료복지시설,자치구,1132000000,도봉구,"서울특별시 도봉구 도봉로180길 46, 3층 (도봉동)",,
효심요양원,G3176,(노인복지시설) 노인요양시설,노인의료복지시설,자치구,1132000000,도봉구,"서울특별시 도봉구 도봉로180길 46, 7층 (도봉동)",,
가족사랑노인요양센터,G3186,(노인복지시설) 노인요양공동생활가정,노인의료복지시설,자치구,1130500000,강북구,"서울특별시 강북구 월계로 75, 4층 (미아동, 동구빌딩)",,
효누리요양원,G3257,(노인복지시설) 노인요양공동생활가정,노인의료복지시설,자치구,1135000000,노원구,"서울특별시 노원구 한글비석로 422, 3층 (상계동)",,
행복한노인요양원3,G3292,(노인복지시설) 노인요양공동생활가정,노인의료복지시설,자치구,1130500000,강북구,"서울특별시 강북구 덕릉로 46, 2, 4층 (수유동, 신우빌딩)",,
더시그넘하우스 너싱홈,G3308,(노인복지시설) 노인요양시설,노인의료복지시설,자치구,1168000000,강남구,서울특별시 강남구 자곡로 204-25 (자곡동),,
강북실버요양원2호점,G3322,(노인복지시설) 노인요양공동생활가정,노인의료복지시설,자치구,1132000000,도봉구,"서울특별시 도봉구 도봉로 669, 201동 (방학동, 이정빌딩)",,
강북실버요양원,G3324,(노인복지시설) 노인요양공동생활가정,노인의료복지시설,자치구,1132000000,도봉구,"서울특별시 도봉구 도봉로 669, 201호 (방학동, 이정빌딩)",,
솔요양원,G3335,(노인복지시설) 노인요양공동생활가정,노인의료복지시설,자치구,1150000000,강서구,"서울특별시 강서구 강서로17길 25 (화곡동, 3층)",,
푸른요양원,G3336,(노인복지시설) 노인요양공동생활가정,노인의료복지시설,자치구,1150000000,강서구,"서울특별시 강서구 강서로17길 25 (화곡동, 3층)",,
푸른요양원2호점,G3337,(노인복지시설) 노인요양시설,노인의료복지시설,자치구,1130500000,강북구,"서울특별시 강북구 도봉로81길 43, 지,1,5~8층 (수유동)",,
푸른솔요양원,G3346,(노인복지시설) 노인요양공동생활가정,노인의료복지시설,자치구,1150000000,강서구,"서울특별시 강서구 강서로17길 25 (화곡동, 3층)",,
큰사랑노인요양원,G3364,(노인복지시설) 노인요양시설,노인의료복지시설,자치구,1132000000,도봉구,"서울특별시 도봉구 도봉로152길 26, 7층 (방학동, 렉시온프라자)",,
도봉하루요양원3호점,G3372,(노인복지시설) 노인요양공동생활가정,노인의료복지시설,자치구,1132000000,도봉구,"서울특별시 도봉구 방학로3길 103, 5,6층 (쌍문동)",,
강북요양원,G3386,(노인복지시설) 노인요양공동생활가정,노인의료복지시설,자치구,1132000000,도봉구,"서울특별시 도봉구 도봉로 669, 5층 501호 (방학동, 이정빌딩)",,
강북요양원2호점,G3387,(노인복지시설) 노인요양공동생활가정,노인의료복지시설,자치구,1132000000,도봉구,"서울특별시 도봉구 도봉로 669, 5층 501호 (방학동, 이정빌딩)",,
효심요양원2호,G3389,(노인복지시설) 노인요양공동생활가정,노인의료복지시설,자치구,1126000000,중랑구,"서울특별시 중랑구 망우로 171, 4층 (중화동)",,
효심요양원1호,G3391,(노인복지시설) 노인요양공동생활가정,노인의료복지시설,자치구,1126000000,중랑구,"서울특별시 중랑구 망우로 171, 4층 (중화동)",,
행복가득요양원,G3503,(노인복지시설) 노인요양시설,노인의료복지시설,자치구,1141000000,서대문구,서울특별시 서대문구 거북골로 202-2 (북가좌동),,
러빙케어,G3646,(노인복지시설) 노인요양시설,노인의료복지시설,자치구,1135000000,노원구,"서울특별시 노원구 상계로1길 54-4, 207, 307호 (상계동, 상계동센트럴타워)",,
사랑재활요양원3호점,G3658,(노인복지시설) 노인요양공동생활가정,노인의료복지시설,자치구,1132000000,도봉구,"서울특별시 도봉구 덕릉로59아길 54 (창동, 이순빌딩 3,4층)",,
길재활요양원,G3761,(노인복지시설) 노인요양시설,노인의료복지시설,자치구,1130500000,강북구,서울특별시 강북구 인수봉로 225 (수유동),,
정진요양원,G3775,(노인복지시설) 노인요양시설,노인의료복지시설,자치구,1129000000,성북구,서울특별시 성북구 서경로 110 (정릉동),,
하나요양원,G3809,(노인복지시설) 노인요양시설,노인의료복지시설,자치구,1154500000,금천구,"서울특별시 금천구 시흥대로153길 99, 4,7,8층 (가산동)",,
정원실버요양원 2호점,G3817,(노인복지시설) 노인요양공동생활가정,노인의료복지시설,자치구,1174000000,강동구,"서울특별시 강동구 양재대로124길 41, 3층 (길동, 성원빌딩)",,
정원실버요양원,G3818,(노인복지시설) 노인요양공동생활가정,노인의료복지시설,자치구,1174000000,강동구,서울특별시 강동구 양재대로124길 41 (길동),,
올리사랑 요양원,G3850,(노인복지시설) 노인요양시설,노인의료복지시설,자치구,1147000000,양천구,"서울특별시 양천구 신월로 191 (신월동, 정세빌딩 3.4.5 층)",,
서울팔팔요양원,G4072,(노인복지시설) 노인요양공동생활가정,노인의료복지시설,자치구,1123000000,동대문구,"서울특별시 동대문구 고산자로 476, 5층 (제기동)",,
서울백세요양원,G4073,(노인복지시설) 노인요양공동생활가정,노인의료복지시설,자치구,1123000000,동대문구,"서울특별시 동대문구 고산자로 476, 5층 (제기동)",,
금천햇살요양원,G4267,(노인복지시설) 노인요양공동생활가정,노인의료복지시설,자치구,1154500000,금천구,"서울특별시 금천구 시흥대로 487, 독산1동 2층 (독산동)",,
참햇살요양원,G4334,(노인복지시설) 노인요양공동생활가정,노인의료복지시설,자치구,1130500000,강북구,"서울특별시 강북구 도봉로 403, 2층 (수유동)",,
가인요양원,G4406,(노인복지시설) 노인요양공동생활가정,노인의료복지시설,자치구,1130500000,강북구,"서울특별시 강북구 삼양로 437, 2층 (수유동, 성아빌딩)",,
하늘정원 요양원,G4407,(노인복지시설) 노인요양시설,노인의료복지시설,자치구,1147000000,양천구,"서울특별시 양천구 등촌로 32, 8층 (목동, 태영프라자)",,
정든요양원,G4416,(노인복지시설) 노인요양공동생활가정,노인의료복지시설,자치구,1123000000,동대문구,"서울특별시 동대문구 제기로 72, 4층 (제기동)",,
강북유진요양원,G4418,(노인복지시설) 노인요양공동생활가정,노인의료복지시설,자치구,1130500000,강북구,"서울특별시 강북구 삼양로77가길 9, 5층 (수유동)",,
가족사랑노인요양원,G4496,(노인복지시설) 노인요양공동생활가정,노인의료복지시설,자치구,1150000000,강서구,"서울특별시 강서구 곰달래로 97, 2층 (화곡동, BS타운)",,
목동평강 요양원,G4509,(노인복지시설) 노인요양시설,노인의료복지시설,자치구,1147000000,양천구,"서울특별시 양천구 은행정로 5, 6층 (신정동, 에벤에셀프라자)",,
신상도요양원,G4652,(노인복지시설) 노인요양공동생활가정,노인의료복지시설,자치구,1159000000,동작구,서울특별시 동작구 양녕로20길 108 (상도동),,
소망요양원1,G4738,(노인복지시설) 노인요양공동생활가정,노인의료복지시설,자치구,1153000000,구로구,"서울특별시 구로구 구로동로28길 87, 2층 (구로동)",,
소망요양원2,G4739,(노인복지시설) 노인요양공동생활가정,노인의료복지시설,자치구,1153000000,구로구,"서울특별시 구로구 구로동로28길 87, 2층 (구로동)",,
우리엄마요양원 2호점,G4798,(노인복지시설) 노인요양공동생활가정,노인의료복지시설,자치구,1129000000,성북구,"서울특별시 성북구 보문로 123, 4, 2층 (보문동2가)",,
실버빌요양원,G4842,(노인복지시설) 노인요양시설,노인의료복지시설,자치구,1132000000,도봉구,서울특별시 도봉구 노해로 277 (창동),,
KB골든라이프케어 위례 빌리지,G4859,(노인복지시설) 노인요양시설,노인의료복지시설,자치구,1171000000,송파구,서울특별시 송파구 위례광장로 220 (장지동),,
늘푸른 소망요양원,G4983,(노인복지시설) 노인요양시설,노인의료복지시설,자치구,1147000000,양천구,"서울특별시 양천구 지양로 29, 2,3,4층 (신월동, 오윤빌딩)",,
참존vip요양원,G5001,(노인복지시설) 노인요양시설,노인의료복지시설,자치구,1132000000,도봉구,"서울특별시 도봉구 도봉로136가길 4, 4층 (창동, 창동리더스빌딩)",,
(A+)강동포도나무요양원 2호점,G5041,(노인복지시설) 노인요양공동생활가정,노인의료복지시설,자치구,1174000000,강동구,"서울특별시 강동구 상암로 195, 2층 203호 (명일동)",,
(A+)강동포도나무요양원 1호점,G5042,(노인복지시설) 노인요양공동생활가정,노인의료복지시설,자치구,1174000000,강동구,"서울특별시 강동구 상암로 195, 2층 201호 (명일동)",,
늘봄요양원,G5049,(노인복지시설) 노인요양공동생활가정,노인의료복지시설,자치구,1135000000,노원구,"서울특별시 노원구 한글비석로47길 58, 2층 (상계동)",,
은평실버랜드요양원,G5167,(노인복지시설) 노인요양시설,노인의료복지시설,자치구,1138000000,은평구,서울특별시 은평구 연서로21길 27-20 (갈현동),,
평화요양원,G5189,(노인복지시설) 노인요양공동생활가정,노인의료복지시설,자치구,1123000000,동대문구,"서울특별시 동대문구 제기로 72, 3층 (제기동)",,
기쁨과나눔노인요양원,G5402,(노인복지시설) 노인요양공동생활가정,노인의료복지시설,자치구,1132000000,도봉구,"서울특별시 도봉구 도봉로137길 48, 2층 (쌍문동)",,
기쁨과나눔노인요양원2호점,G5403,(노인복지시설) 노인요양공동생활가정,노인의료복지시설,자치구,1132000000,도봉구,"서울특별시 도봉구 도봉로137길 48, 2층 (쌍문동)",,
미소지움요양원,G5531,(노인복지시설) 노인요양공동생활가정,노인의료복지시설,자치구,1123000000,동대문구,"서울특별시 동대문구 한천로37길 19, 3층 (답십리동, 창승빌딩)",,
봄날실버센터,G5684,(노인복지시설) 노인요양시설,노인의료복지시설,자치구,1150000000,강서구,서울특별시 강서구 금낭화로 39 (방화동),,
강이보이는요양원,G5713,(노인복지시설) 노인요양공동생활가정,노인의료복지시설,자치구,1153000000,구로구,"서울특별시 구로구 개봉로 4, 5층 (개봉동)",,
노블레스요양원2,G5731,(노인복지시설) 노인요양공동생활가정,노인의료복지시설,자치구,1121500000,광진구,"서울특별시 광진구 용마산로 105, 2층 (중곡동, 광진빌딩)",,
워커힐케어센터1,G5847,(노인복지시설) 노인요양시설,노인의료복지시설,자치구,1121500000,광진구,"서울특별시 광진구 아차산로 634, 6, 7층 (광장동, 대오빌딩)",,
워커힐케어센터2,G5849,(노인복지시설) 노인요양시설,노인의료복지시설,자치구,1121500000,광진구,"서울특별시 광진구 아차산로 634, 5층 (광장동, 대오빌딩)",,
은빛요양원Ⅱ,G5883,(노인복지시설) 노인요양공동생활가정,노인의료복지시설,자치구,1162000000,관악구,"서울특별시 관악구 신림로 134, 5층 (신림동, 오성빌딩)",,
가족마음요양원,G5910,(노인복지시설) 노인요양공동생활가정,노인의료복지시설,자치구,1135000000,노원구,"서울특별시 노원구 한글비석로47길 58, 5층 (상계동)",,
노블레스요양원1,G5923,(노인복지시설) 노인요양공동생활가정,노인의료복지시설,자치구,1121500000,광진구,"서울특별시 광진구 용마산로 105, 3층 (중곡동, 광진빌딩)",,
어버이사랑노인의료복지센터1,G6075,(노인복지시설) 노인요양공동생활가정,노인의료복지시설,자치구,1156000000,영등포구,"서울특별시 영등포구 도림로 318, 4층 (신길동)",,
어버이사랑노인의료복지센터2,G6077,(노인복지시설) 노인요양공동생활가정,노인의료복지시설,자치구,1156000000,영등포구,"서울특별시 영등포구 도림로 318, 5층 (신길동)",,
어버이사랑노인의료복지센터3,G6087,(노인복지시설) 노인요양공동생활가정,노인의료복지시설,자치구,1156000000,영등포구,"서울특별시 영등포구 도림로 318, 6층 (신길동)",,
조은노인요양센터,G6129,(노인복지시설) 노인요양공동생활가정,노인의료복지시설,자치구,1126000000,중랑구,"서울특별시 중랑구 상봉로 7, 3층 (면목동, 서일타운)",,
골든시니어케어센터,G6178,(노인복지시설) 노인요양시설,노인의료복지시설,자치구,1126000000,중랑구,서울특별시 중랑구 동일로 917-4 (묵동),,
강북하루정요양원,G6286,(노인복지시설) 노인요양공동생활가정,노인의료복지시설,자치구,1130500000,강북구,"서울특별시 강북구 삼양로 433, 5층 (수유동)",,
굿모닝요양원2호점,G6357,(노인복지시설) 노인요양공동생활가정,노인의료복지시설,자치구,1132000000,도봉구,"서울특별시 도봉구 도봉로 765, 4층 (도봉동)",,
굿모닝요양원,G6361,(노인복지시설) 노인요양공동생활가정,노인의료복지시설,자치구,1132000000,도봉구,"서울특별시 도봉구 도봉로 765, 2층 (도봉동)",,
실비아요양원,G6403,(노인복지시설) 노인요양시설,노인의료복지시설,자치구,1138000000,은평구,"서울특별시 은평구 증산로15길 35-8, 11동 (신사동)",,
관악실버케어,G6409,(노인복지시설) 노인요양시설,노인의료복지시설,자치구,1162000000,관악구,서울특별시 관악구 대학18길 34-7 (신림동),,
보라매요양원,G6439,(노인복지시설) 노인요양시설,노인의료복지시설,자치구,1153000000,구로구,"서울특별시 구로구 목동남로 32 (고척동, 보광빌딩 (B1, 3,4,6,7층))",,
A+평화요양원,G6587,(노인복지시설) 노인요양시설,노인의료복지시설,자치구,1126000000,중랑구,서울특별시 중랑구 중랑천로 52 (면목동),,
메디치피아요양센터,G6698,(노인복지시설) 노인요양시설,노인의료복지시설,자치구,1153000000,구로구,서울특별시 구로구 중앙로 10-15 (고척동),,
중랑삼성 요양원,G6874,(노인복지시설) 노인요양시설,노인의료복지시설,자치구,1126000000,중랑구,서울특별시 중랑구 동일로91가길 27 (면목동),,
강북중앙요양원,G7025,(노인복지시설) 노인요양공동생활가정,노인의료복지시설,자치구,1130500000,강북구,"서울특별시 강북구 도봉로 243, 3층 (미아동)",,
성창요양원,G7039,(노인복지시설) 노인요양공동생활가정,노인의료복지시설,자치구,1123000000,동대문구,"서울특별시 동대문구 한천로37길 23, 4층 (답십리동)",,
서울케어링하우스,G7414,(노인복지시설) 노인요양시설,노인의료복지시설,자치구,1174000000,강동구,서울특별시 강동구 올림픽로 831 (암사동),,
하루정요양센터,G7479,(노인복지시설) 노인요양공동생활가정,노인의료복지시설,자치구,1132000000,도봉구,"서울특별시 도봉구 해등로17길 42, 4층 (쌍문동)",,
섬기는요양원,G8170,(노인복지시설) 노인요양시설,노인의료복지시설,자치구,1154500000,금천구,"서울특별시 금천구 시흥대로 214, 11층 (시흥동)",,
광진늘푸른요양원,G8201,(노인복지시설) 노인요양공동생활가정,노인의료복지시설,자치구,1121500000,광진구,"서울특별시 광진구 뚝섬로 613-1, 6층 (자양동)",,
성북힐요양원,G8273,(노인복지시설) 노인요양시설,노인의료복지시설,자치구,1129000000,성북구,서울특별시 성북구 성북로31가길 21 (성북동),,
TOP동그라미요양원,G8288,(노인복지시설) 노인요양시설,노인의료복지시설,자치구,1132000000,도봉구,"서울특별시 도봉구 마들로 649-20, 7층 (방학동, 메인프라자)",,
갈현효요양원,G8331,(노인복지시설) 노인요양시설,노인의료복지시설,자치구,1138000000,은평구,"서울특별시 은평구 갈현로 270, 1,2,3층 (갈현동, 인송빌딩)",,
백련실버케어,G8781,(노인복지시설) 노인요양공동생활가정,노인의료복지시설,자치구,1138000000,은평구,"서울특별시 은평구 가좌로 306, 4층 (신사동)",,
한마음요양원,G8817,(노인복지시설) 노인요양공동생활가정,노인의료복지시설,자치구,1168000000,강남구,"서울특별시 강남구 논현로12길 19-4, 2~3층 (개포동)",,
맑은샘요양원,G9039,(노인복지시설) 노인요양공동생활가정,노인의료복지시설,자치구,1123000000,동대문구,"서울특별시 동대문구 한천로37길 19, 2층 (답십리동)",,
난향요양원1,G9058,(노인복지시설) 노인요양공동생활가정,노인의료복지시설,자치구,1162000000,관악구,"서울특별시 관악구 남부순환로 1470, 3층 (신림동)",,
난향요양원2,G9060,(노인복지시설) 노인요양공동생활가정,노인의료복지시설,자치구,1162000000,관악구,"서울특별시 관악구 남부순환로 1470, 4층 (신림동)",,
백영실버스테이,G9172,(노인복지시설) 노인요양시설,노인의료복지시설,자치구,1150000000,강서구,"서울특별시 강서구 금낭화로 135, 7층 701호 (방화동, 금강프라자)",,
장원서울요양원,G9254,(노인복지시설) 노인요양시설,노인의료복지시설,자치구,1126000000,중랑구,서울특별시 중랑구 용마공원로2길 12 (망우동),,
봄날요양원,G9379,(노인복지시설) 노인요양시설,노인의료복지시설,자치구,1171000000,송파구,서울특별시 송파구 마천로 96 (오금동),,
KB골든라이프케어 서초 빌리지,G9863,(노인복지시설) 노인요양시설,노인의료복지시설,자치구,1165000000,서초구,서울특별시 서초구 형촌2길 33 (우면동),,
서울실버케어노인요양원,J0497,(노인복지시설) 노인요양시설,노인의료복지시설,자치구,1135000000,노원구,"서울특별시 노원구 한글비석로44길 31, 2,3,4층 (상계동)",,
동우너싱홈,J1296,(노인복지시설) 노인요양공동생활가정,노인의료복지시설,자치구,1126000000,중랑구,서울특별시 중랑구 망우로 422 (망우동),,
강남유명요양원,J1307,(노인복지시설) 노인요양공동생활가정,노인의료복지시설,자치구,1168000000,강남구,"서울특별시 강남구 개포로140길 32 (일원동,원효빌딩 5층)",,
베스트그린요양원1호점,J2235,(노인복지시설) 노인요양공동생활가정,노인의료복지시설,자치구,1126000000,중랑구,"서울특별시 중랑구 동일로 789 (중화동,그린프라자6층)",,
송파그린요양원,J3203,(노인복지시설) 노인요양공동생활가정,노인의료복지시설,자치구,1171000000,송파구,"서울특별시 송파구 성내천로 208 (마천동,신안빌딩 3층)",,
장생시니어타운,J4003,(노인복지시설) 노인요양시설,노인의료복지시설,자치구,1165000000,서초구,서울특별시 서초구 강남대로89길 10 (반포동),,
행복드림요양원,J5102,(노인복지시설) 노인요양시설,노인의료복지시설,자치구,1132000000,도봉구,"서울특별시 도봉구 도봉로154길 23 (도봉동, 신성빌딩 2,3층)",,
워커힐실버타운,J6228,(노인복지시설) 노인요양시설,노인의료복지시설,자치구,1121500000,광진구,"서울특별시 광진구 워커힐로 93 (구의동,외 10필지)",,
포도나무실버타운3호점,J6874,(노인복지시설) 노인요양공동생활가정,노인의료복지시설,자치구,1171000000,송파구,"서울특별시 송파구 가락로 2, 5층 (석촌동)",,
케어앤코 용산점 2호,J6934,(노인복지시설) 노인요양공동생활가정,노인의료복지시설,자치구,1117000000,용산구,서울특별시 용산구 효창원로 140 (효창동),,
송파드림노인요양공동생활가정,J7253,(노인복지시설) 노인요양공동생활가정,노인의료복지시설,자치구,1171000000,송파구,"서울특별시 송파구 거마로3길 4 (거여동,뉴비죤빌딩)",,
명성노인복지센터,J7298,(노인복지시설) 노인요양공동생활가정,노인의료복지시설,자치구,1129000000,성북구,"서울특별시 성북구 보국문로4길 8, 2층 (정릉동)",,
광진원광실버센터,J7702,(노인복지시설) 노인요양시설,노인의료복지시설,자치구,1121500000,광진구,서울특별시 광진구 아차산로63길 35 (구의동),,
노블실버 재활요양원,J7717,(노인복지시설) 노인요양시설,노인의료복지시설,자치구,1132000000,도봉구,"서울특별시 도봉구 도봉로152길 26, 6층 (방학동)",,
정다운요양원,J7968,(노인복지시설) 노인요양시설,노인의료복지시설,자치구,1147000000,양천구,서울특별시 양천구 오목로 208 (신정동),,
도봉하루요양원1호점,J8200,(노인복지시설) 노인요양공동생활가정,노인의료복지시설,자치구,1132000000,도봉구,서울특별시 도봉구 방학로3길 103 (쌍문동),,
이암요양원,J8430,(노인복지시설) 노인요양공동생활가정,노인의료복지시설,자치구,1120000000,성동구,"서울특별시 성동구 마장로 125 (상왕십리동, 천리교혜성교회 5층, 6층)",,
가나안쉼터노인공동생활가정,J8526,(노인복지시설) 노인요양공동생활가정,노인의료복지시설,자치구,1132000000,도봉구,"서울특별시 도봉구 덕릉로59길 73-26, 1층 (창동)",,
성신노인요양원,J8676,(노인복지시설) 노인요양시설,노인의료복지시설,자치구,1129000000,성북구,서울특별시 성북구 동소문로13나길 110 (동소문동7가),,
늘편한요양센터,J8710,(노인복지시설) 노인요양공동생활가정,노인의료복지시설,자치구,1174000000,강동구,"서울특별시 강동구 구천면로 318, 4층 (천호동)",,
구립중구노인요양센터,J8714,(노인복지시설) 노인요양시설,노인의료복지시설,자치구,1114000000,중구,서울특별시 중구 필동로 96 (장충동2가),,
서울숲재활요양원2호,J8836,(노인복지시설) 노인요양공동생활가정,노인의료복지시설,자치구,1120000000,성동구,서울특별시 성동구 성수동2가 331번지 2호,,
서울숲재활요양원,J8837,(노인복지시설) 노인요양공동생활가정,노인의료복지시설,자치구,1120000000,성동구,서울특별시 성동구 성수동2가 331번지 2호,,
송파그린요양원2,J8840,(노인복지시설) 노인요양공동생활가정,노인의료복지시설,자치구,1171000000,송파구,서울특별시 송파구 마천동 76번지 신안빌딩 2층,,
연희시니어스,J8879,(노인복지시설) 노인요양시설,노인의료복지시설,자치구,1141000000,서대문구,서울특별시 서대문구 연희로31길 8-7 (연희동),,
행복요양원3,J8900,(노인복지시설) 노인요양공동생활가정,노인의료복지시설,자치구,1153000000,구로구,"서울특별시 구로구 경인로23길 8, 6층 (오류동, 대서프라자)",,
써니요양원,J8913,(노인복지시설) 노인요양시설,노인의료복지시설,자치구,1138000000,은평구,서울특별시 은평구 증산로15길 26 (신사동),,
우리엄마요양원,J9216,(노인복지시설) 노인요양공동생활가정,노인의료복지시설,자치구,1129000000,성북구,서울특별시 성북구 보문동2가 104번지 3층,,
동그라미요양센터1호점,J9361,(노인복지시설) 노인요양공동생활가정,노인의료복지시설,자치구,1132000000,도봉구,"서울특별시 도봉구 방학로3길 103, 3층 (쌍문동, 춘광빌딩)",,
대한연세요양원,J9547,(노인복지시설) 노인요양시설,노인의료복지시설,자치구,1174000000,강동구,서울특별시 강동구 고덕로 421 (강일동),,
도봉하루요양원2호점,J9622,(노인복지시설) 노인요양공동생활가정,노인의료복지시설,자치구,1132000000,도봉구,"서울특별시 도봉구 방학로3길 103, 6층 (쌍문동, 춘광빌딩)",,
중앙실버노인요양공동생활가정,J9947,(노인복지시설) 노인요양공동생활가정,노인의료복지시설,자치구,1141000000,서대문구,서울특별시 서대문구 충정로4길 5-25 (충정로3가),,
중앙노인요양공동생활가정,J9948,(노인복지시설) 노인요양공동생활가정,노인의료복지시설,자치구,1141000000,서대문구,서울특별시 서대문구 서소문로 43-49 (합동),,
강북요양원,M0344,(노인복지시설) 노인요양공동생활가정,노인의료복지시설,자치구,1132000000,도봉구,"서울특별시 도봉구 도봉로 669, 501호 (방학동, 이정빌딩)",,
흰돌장기요양센터3호점,M0345,(노인복지시설) 노인요양공동생활가정,노인의료복지시설,자치구,1174000000,강동구,"서울특별시 강동구 구천면로 323, 5층 (암사동, 개나리프라자)",,
흰돌장기요양센터2호점,M0346,(노인복지시설) 노인요양공동생활가정,노인의료복지시설,자치구,1174000000,강동구,"서울특별시 강동구 구천면로 323, 6층 (암사동, 개나리프라자)",,
강북실버종합복지센터,M0394,(노인복지시설) 노인요양시설,노인의료복지시설,자치구,1130500000,강북구,서울특별시 강북구 오패산로 290 (미아동),,
노원요양복지원,M0414,(노인복지시설) 노인요양시설,노인의료복지시설,자치구,1135000000,노원구,"서울특별시 노원구 노원로 464, 2층 (상계동)",,
동그라미요양센터2호점,M0416,(노인복지시설) 노인요양공동생활가정,노인의료복지시설,자치구,1132000000,도봉구,"서울특별시 도봉구 방학로3길 103, 4층 (쌍문동, 춘광빌딩)",,
희망요양원,M0479,(노인복지시설) 노인요양시설,노인의료복지시설,자치구,1132000000,도봉구,서울특별시 도봉구 덕릉로59길 20 (창동),,
에덴요양원,M0492,(노인복지시설) 노인요양공동생활가정,노인의료복지시설,자치구,1162000000,관악구,"서울특별시 관악구 조원로16길 33, 4층 401호 (신림동)",,
서울여자간호대학교 휴먼캐슬,M0498,(노인복지시설) 노인요양시설,노인의료복지시설,자치구,1111000000,종로구,서울특별시 종로구 평창길 318 (평창동),,
서울숲재활요양원(2호),M0571,(노인복지시설) 노인요양공동생활가정,노인의료복지시설,자치구,1120000000,성동구,"서울특별시 성동구 뚝섬로 401-2, 4층 (일산빌딩)",,
요안나요양원,M0574,(노인복지시설) 노인요양시설,노인의료복지시설,자치구,1150000000,강서구,"서울특별시 강서구 화곡로 254, 4층 (화곡동)",,
면목요양원,M0605,(노인복지시설) 노인요양공동생활가정,노인의료복지시설,자치구,1126000000,중랑구,"서울특별시 중랑구 상봉로 61, 3층 (면목동)",,
늘편한요양원,M0719,(노인복지시설) 노인요양공동생활가정,노인의료복지시설,자치구,1174000000,강동구,"서울특별시 강동구 구천면로 318, 3층 (천호동, 성산빌딩)",,
다사랑노인요양원2호점,M0754,(노인복지시설) 노인요양공동생활가정,노인의료복지시설,자치구,1132000000,도봉구,"서울특별시 도봉구 노해로 277, 2층 (창동, 우진빌딩)",,
다사랑노인요양원1호점,M0755,(노인복지시설) 노인요양공동생활가정,노인의료복지시설,자치구,1132000000,도봉구,"서울특별시 도봉구 노해로 277, 2층 (창동, 우진빌딩)",,
효원요양원D,M1012,(노인복지시설) 노인요양공동생활가정,노인의료복지시설,자치구,1126000000,중랑구,"서울특별시 중랑구 상봉중앙로1길 12 (상봉동, 세광빌딩4층)",,
효원요양원C,M1013,(노인복지시설) 노인요양공동생활가정,노인의료복지시설,자치구,1126000000,중랑구,"서울특별시 중랑구 상봉중앙로1길 12 (상봉동, 세광빌딩4층)",,
효원요양원B,M1014,(노인복지시설) 노인요양공동생활가정,노인의료복지시설,자치구,1126000000,중랑구,"서울특별시 중랑구 상봉중앙로1길 12 (상봉동, 세광빌딩3층)",,
강남한보리전문요양원,M1052,(노인복지시설) 노인요양시설,노인의료복지시설,자치구,1162000000,관악구,서울특별시 관악구 남부순환로 1529-1 (신림동),,
마추미실버케어 응암점,M1144,(노인복지시설) 노인요양시설,노인의료복지시설,자치구,1138000000,은평구,"서울특별시 은평구 응암로13길 11-7, 전층 (응암동)",,
길요양원,M1147,(노인복지시설) 노인요양시설,노인의료복지시설,자치구,1135000000,노원구,"서울특별시 노원구 한글비석로15길 48, 4층, 5층 (중계동)",,
가족사랑1,M1161,(노인복지시설) 노인요양공동생활가정,노인의료복지시설,자치구,1156000000,영등포구,"서울특별시 영등포구 도신로 204, 4층 (신길동)",,
가족사랑2,M1162,(노인복지시설) 노인요양공동생활가정,노인의료복지시설,자치구,1156000000,영등포구,"서울특별시 영등포구 도신로 204, 3층 (신길동)",,
봄날강서요양원,M1182,(노인복지시설) 노인요양시설,노인의료복지시설,자치구,1150000000,강서구,"서울특별시 강서구 양천로11길 15-11, 1층 (방화동)",,
착한요양원,M1268,(노인복지시설) 노인요양공동생활가정,노인의료복지시설,자치구,1132000000,도봉구,"서울특별시 도봉구 덕릉로59아길 54, 4층 (창동, 이순빌딩)",,
수노인요양공동생활가정1호점,M1306,(노인복지시설) 노인요양공동생활가정,노인의료복지시설,자치구,1132000000,도봉구,"서울특별시 도봉구 도당로 80, 5층 (방학동, 월송빌딩)",,
은혜요양원,M1461,(노인복지시설) 노인요양공동생활가정,노인의료복지시설,자치구,1174000000,강동구,서울특별시 강동구 양재대로124길 41 (길동),,
다복요양원,P0016,(노인복지시설) 노인요양공동생활가정,노인의료복지시설,자치구,1150000000,강서구,"서울특별시 강서구 화곡로 225, 4층 (화곡동, 두산빌딩)",,
동작요양원,P0025,(노인복지시설) 노인요양시설,노인의료복지시설,자치구,1159000000,동작구,서울특별시 동작구 여의대방로22카길 34 (신대방동),,
존엄케어노인전문요양원,P0086,(노인복지시설) 노인요양공동생활가정,노인의료복지시설,자치구,1126000000,중랑구,"서울특별시 중랑구 용마산로51길 1, 2층 (면목동)",,
노아 케어링하우스,P0451,(노인복지시설) 노인요양시설,노인의료복지시설,자치구,1144000000,마포구,서울특별시 마포구 숭문6길 12 (염리동),,
참존요양원,P0636,(노인복지시설) 노인요양시설,노인의료복지시설,자치구,1132000000,도봉구,"서울특별시 도봉구 도봉로136가길 4, 6층 601호 (창동)",,
*(ABC)우림요양센터,P0707,(노인복지시설) 노인요양공동생활가정,노인의료복지시설,자치구,1126000000,중랑구,"서울특별시 중랑구 용마산로 494, 5층 (망우동)",,
늘푸른요양원,P0794,(노인복지시설) 노인요양공동생활가정,노인의료복지시설,자치구,1126000000,중랑구,"서울특별시 중랑구 용마산로 488, 4층 (망우동)",,
종근당산업(주) 벨포레스트,P0800,(노인복지시설) 노인요양시설,노인의료복지시설,자치구,1174000000,강동구,서울특별시 강동구 고덕로 463 (강일동),,
늘푸른요양원 2호점,P0805,(노인복지시설) 노인요양공동생활가정,노인의료복지시설,자치구,1126000000,중랑구,"서울특별시 중랑구 용마산로 488, 3층 (망우동)",,
더 프라임 요양원,P1274,(노인복지시설) 노인요양시설,노인의료복지시설,자치구,1129000000,성북구,서울특별시 성북구 종암로9길 78 (종암동),,
신림요양원 1,P1288,(노인복지시설) 노인요양공동생활가정,노인의료복지시설,자치구,1162000000,관악구,서울특별시 관악구 난곡로 272 (신림동),,
신림요양원 2,P1331,(노인복지시설) 노인요양공동생활가정,노인의료복지시설,자치구,1162000000,관악구,"서울특별시 관악구 난곡로 272, 3층 (신림동)",,
강남 성은실버케어스,P1387,(노인복지시설) 노인요양시설,노인의료복지시설,자치구,1168000000,강남구,서울특별시 강남구 논현로 88 (개포동),,
해든케어스요양원,P1516,(노인복지시설) 노인요양시설,노인의료복지시설,자치구,1141000000,서대문구,"서울특별시 서대문구 연희로 237, 지1,4~7층 (연희동)",,
가락사랑요양원,P1822,(노인복지시설) 노인요양공동생활가정,노인의료복지시설,자치구,1171000000,송파구,"서울특별시 송파구 오금로36길 57, 3층 (가락동)",,
가족사랑요양원,P1826,(노인복지시설) 노인요양공동생활가정,노인의료복지시설,자치구,1171000000,송파구,"서울특별시 송파구 오금로36길 57, 2층 (가락동)",,
벧엘의집요양원,P1977,(노인복지시설) 노인요양공동생활가정,노인의료복지시설,자치구,1162000000,관악구,"서울특별시 관악구 문성로 96, 3층 (신림동)",,
벧엘의집요양원2,P1978,(노인복지시설) 노인요양공동생활가정,노인의료복지시설,자치구,1162000000,관악구,"서울특별시 관악구 문성로 96, 2층 (신림동)",,
효사랑요양원,P2067,(노인복지시설) 노인요양공동생활가정,노인의료복지시설,자치구,1162000000,관악구,"서울특별시 관악구 관악로 111, 3층 (봉천동)",,
밝은햇살요양원,P2503,(노인복지시설) 노인요양공동생활가정,노인의료복지시설,자치구,1150000000,강서구,"서울특별시 강서구 강서로29길 38, 1층 (화곡동)",,
보은요양원,P2817,(노인복지시설) 노인요양공동생활가정,노인의료복지시설,자치구,1123000000,동대문구,"서울특별시 동대문구 한천로 213, 4층 (전농동)",,
소망요양원,P2820,(노인복지시설) 노인요양공동생활가정,노인의료복지시설,자치구,1123000000,동대문구,"서울특별시 동대문구 한천로37길 19, 4층 (답십리동)",,
경동노인요양원,P2837,(노인복지시설) 노인요양공동생활가정,노인의료복지시설,자치구,1123000000,동대문구,"서울특별시 동대문구 약령시로 122-5, 4~6층 (제기동)",,
경동노인요양원2,P2843,(노인복지시설) 노인요양공동생활가정,노인의료복지시설,자치구,1123000000,동대문구,"서울특별시 동대문구 약령시로 122-5, 1~3층 (제기동)",,
사랑가득요양원1호,P2862,(노인복지시설) 노인요양공동생활가정,노인의료복지시설,자치구,1138000000,은평구,"서울특별시 은평구 수색로14길 5-3, 5층 (수색동)",,
사랑가득요양원2호,P2866,(노인복지시설) 노인요양공동생활가정,노인의료복지시설,자치구,1138000000,은평구,"서울특별시 은평구 수색로14길 5-3, 6층 (수색동)",,
홍릉요양원,P2913,(노인복지시설) 노인요양공동생활가정,노인의료복지시설,자치구,1123000000,동대문구,"서울특별시 동대문구 제기로 72, 5층 (제기동)",,
서울특별시립마포실버케어센터,P3002,(노인복지시설) 노인요양시설,노인의료복지시설,자치구,1144000000,마포구,서울특별시 마포구 백범로31길 21 (공덕동),,
강남가정요양원 3,P3078,(노인복지시설) 노인요양공동생활가정,노인의료복지시설,자치구,1154500000,금천구,"서울특별시 금천구 독산로 290, 3층 (독산동)",,
강남가정요양원 4,P3079,(노인복지시설) 노인요양공동생활가정,노인의료복지시설,자치구,1154500000,금천구,"서울특별시 금천구 독산로 290, 4층 (독산동)",,
중곡요양원,P3161,(노인복지시설) 노인요양공동생활가정,노인의료복지시설,자치구,1121500000,광진구,"서울특별시 광진구 면목로 203, 3층 (중곡동)",,
시립동대문실버케어센터,P3209,(노인복지시설) 노인요양시설,노인의료복지시설,자치구,1123000000,동대문구,서울특별시 동대문구 황물로 12 (답십리동),,
사랑채요양원,P3310,(노인복지시설) 노인요양공동생활가정,노인의료복지시설,자치구,1126000000,중랑구,"서울특별시 중랑구 면목로 220, 2층 (면목동, 학림빌딩)",,
A플러스노아재활요양원,P3352,(노인복지시설) 노인요양시설,노인의료복지시설,자치구,1132000000,도봉구,"서울특별시 도봉구 마들로 649-20, 6층 (방학동, 메인프라자)",,
송정요양원,P3412,(노인복지시설) 노인요양시설,노인의료복지시설,자치구,1120000000,성동구,서울특별시 성동구 고산자로8길 5 (행당동),,
사랑초요양원,P3544,(노인복지시설) 노인요양시설,노인의료복지시설,자치구,1147000000,양천구,"서울특별시 양천구 지양로 152 (신월동, 1층~4층)",,
맑은요양원,P3578,(노인복지시설) 노인요양공동생활가정,노인의료복지시설,자치구,1150000000,강서구,"서울특별시 강서구 화곡로 225, 6층 (화곡동, 두산빌딩)",,
예원요양원 2호점,P3605,(노인복지시설) 노인요양공동생활가정,노인의료복지시설,자치구,1126000000,중랑구,"서울특별시 중랑구 용마산로 554, 2층 (망우동)",,
예원요양원,P3606,(노인복지시설) 노인요양공동생활가정,노인의료복지시설,자치구,1126000000,중랑구,"서울특별시 중랑구 용마산로 554, 2층 (망우동)",,
은미요양원,P3623,(노인복지시설) 노인요양시설,노인의료복지시설,자치구,1159000000,동작구,"서울특별시 동작구 상도로68길 1-20 (상도동, 4층)",,
정릉노인요양원,P3810,(노인복지시설) 노인요양시설,노인의료복지시설,자치구,1129000000,성북구,서울특별시 성북구 정릉로12길 69 (정릉동),,
강동힐링요양원,P3843,(노인복지시설) 노인요양시설,노인의료복지시설,자치구,1174000000,강동구,서울특별시 강동구 천호대로 1240-9 (둔촌동),,
나오미요양원,P3911,(노인복지시설) 노인요양시설,노인의료복지시설,자치구,1150000000,강서구,"서울특별시 강서구 금낭화로 135, 8층 (방화동, 금강프라자)",,
메디컬요양원,P3919,(노인복지시설) 노인요양시설,노인의료복지시설,자치구,1123000000,동대문구,"서울특별시 동대문구 약령시로 124, 2, 4~10층 (청량리동)",,
중앙요양원,Z6433,(노인복지시설) 노인요양공동생활가정,노인의료복지시설,자치구,1162000000,관악구,"서울특별시 관악구 남부순환로 1432-7, 5층 (신림동)",,
사랑재 요양원,Z6473,(노인복지시설) 노인요양시설,노인의료복지시설,자치구,1121500000,광진구,서울특별시 광진구 자양로 188 (구의동),,
이삭요양원,Z6586,(노인복지시설) 노인요양시설,노인의료복지시설,자치구,1154500000,금천구,"서울특별시 금천구 시흥대로 214, 8층 (시흥동)",,
